710,990-Q,2024-04-07 00:26:29,68,662
711,216-M,2023-11-08 05:58:08,348,694
712,000-O,2023-07-20 23:09:52,351,92
713,660-G,2023-07-29 18:12:26,457,733
714,763-P,2023-05-29 04:48:37,143,6
715,233-O,2023-11-12 14:48:34,302,479
716,855-C,2023-07-08 07:51:21,616,774
717,729-G,2023-11-25 22:45:13,91,137
718,727-C,2024-04-16 01:23:03,254,169
719,542-F,2023-07-30 22:25:07,219,747
720,247-Z,2023-08-02 12:02:12,690,738
721,250-M,2024-01-09 09:01:16,837,447
722,158-J,2023-12-13 13:53:32,624,918
723,287-O,2023-11-12 17:43:07,867,481
724,864-C,2023-07-22 19:45:44,75,515
725,682-F,2023-10-26 16:51:04,345,793
726,052-B,2024-02-15 03:03:34,354,555
727,000-K,2023-10-19 17:11:57,375,12
728,195-A,2023-05-30 11:12:56,115,657
729,075-U,2024-04-11 18:24:16,398,836
730,943-M,2023-11-06 08:03:44,718,273
731,559-B,2024-02-26 00:27:28,503,656
732,317-M,2024-03-11 23:22:55,97,438
733,525-L,2024-02-25 21:01:10,923,333
734,829-C,2023-08-09 12:21:26,672,388
735,658-X,2024-04-14 09:49:27,297,970
736,452-F,2023-09-20 06:49:03,433,297
737,538-M,2023-12-31 21:49:01,822,694
738,239-Z,2024-03-06 23:09:28,744,232
739,210-Y,2024-01-22 23:49:01,812,700
740,997-P,2024-02-15 10:49:58,883,55
741,784-I,2023-06-22 22:11:25,158,70
742,837-C,2024-02-05 04:08:46,820,991
743,312-J,2023-09-19 15:20:07,794,118
744,336-Z,2024-01-03 17:49:08,890,690
745,473-F,2023-11-04 16:26:21,2,781
746,650-K,2024-05-12 20:55:25,96,28
747,033-L,2024-05-08 17:28:36,118,927
748,463-O,2023-09-23 17:55:21,387,818
749,143-E,2023-12-06 08:47:07,281,225
750,625-E,2024-01-22 12:50:30,297,438
751,023-T,2024-03-25 19:59:27,681,905
752,575-B,2023-08-03 10:27:30,860,901
753,251-H,2023-11-24 22:35:04,666,560
754,668-X,2023-07-22 06:36:55,629,418
755,785-N,2023-11-03 03:41:12,391,981
756,695-O,2023-12-22 00:31:08,23,810
757,179-L,2023-08-19 14:26:52,524,59
758,388-D,2023-10-12 11:22:12,136,426
759,499-G,2023-06-06 07:12:56,188,985
760,808-T,2024-01-11 08:16:38,694,571
761,227-L,2023-09-08 04:00:47,308,417
762,225-J,2023-10-19 10:25:30,248,182
763,031-H,2023-05-27 02:11:32,604,547
764,621-W,2024-01-10 07:19:56,704,857
765,923-X,2024-03-15 03:50:36,600,267
766,464-E,2024-01-09 17:59:42,544,573
767,600-X,2023-09-18 15:51:37,609,534
768,022-O,2023-11-22 14:02:53,436,224
769,023-I,2024-05-01 00:50:37,272,585
770,244-R,2024-04-25 02:13:27,206,603
771,701-S,2024-03-25 13:03:55,492,304
772,430-C,2023-09-29 06:33:33,598,557
773,429-I,2024-03-01 03:29:11,322,841
774,621-G,2024-01-22 08:37:00,882,428
775,189-G,2023-07-18 13:38:30,403,77
776,450-Y,2023-12-19 18:06:28,82,236
777,305-P,2023-11-04 16:26:50,268,504
778,500-H,2023-10-30 21:10:03,270,409
779,242-O,2024-02-22 09:56:18,906,863
780,598-J,2024-01-14 11:18:03,749,75
781,706-V,2023-10-03 11:27:23,469,88
782,180-V,2024-01-22 21:28:38,846,991
783,053-E,2024-03-17 06:20:08,924,725
784,007-R,2024-05-01 17:59:54,494,778
785,319-M,2023-06-17 20:44:56,94,83
786,007-F,2023-05-26 00:07:52,415,606
787,094-C,2024-03-22 03:54:44,553,372
788,922-H,2024-01-09 13:40:37,299,504
789,319-E,2023-06-07 17:13:38,925,109
790,411-D,2023-09-21 02:41:47,229,526
791,375-F,2024-01-05 19:10:31,993,375
792,235-C,2023-09-16 10:00:35,202,236
793,065-Y,2024-05-16 00:41:22,989,745
794,914-X,2023-06-10 22:29:59,596,698
795,934-L,2024-01-26 23:37:22,481,496
796,110-E,2023-06-16 01:18:23,695,134
797,356-L,2024-02-03 20:46:06,850,147
798,581-I,2023-05-23 23:32:25,630,660
799,828-E,2023-10-30 22:17:37,446,640
800,118-G,2024-01-23 20:51:25,78,624
801,294-W,2024-05-09 13:23:55,605,41
802,563-T,2023-07-09 15:12:01,10,254
803,042-P,2023-12-19 22:04:34,610,230
804,696-H,2023-06-07 19:59:21,273,679
805,616-K,2023-09-25 10:03:03,255,885
806,147-X,2023-10-03 01:12:46,786,839
807,443-I,2023-07-31 18:30:38,934,59
808,854-D,2023-07-06 09:11:08,294,199
809,923-N,2023-09-04 10:41:38,5,119
810,938-M,2023-07-03 17:40:33,527,727
811,193-J,2024-01-12 19:38:44,174,483
812,502-M,2023-12-20 04:29:56,88,832
813,755-E,2023-09-10 01:43:44,139,961
814,379-L,2023-06-28 05:40:22,512,623
815,827-N,2023-08-20 19:22:46,818,887
816,010-A,2024-05-18 10:05:07,724,40
817,611-S,2023-06-10 21:41:06,631,144
818,913-Y,2024-01-18 12:30:33,1000,970
819,115-L,2024-04-04 00:32:36,501,552
820,642-J,2023-10-24 00:40:26,325,851
821,889-Q,2023-12-19 23:04:09,961,979
822,897-C,2024-04-26 03:49:09,641,682
823,880-K,2023-11-09 20:46:16,661,576
824,462-H,2023-11-28 01:39:15,724,20
825,414-Q,2023-08-19 20:21:55,548,327
826,292-O,2023-08-10 11:07:39,995,398
827,348-X,2023-11-11 16:38:03,618,471
828,007-W,2024-01-20 23:47:34,962,636
829,813-Y,2024-01-31 11:05:55,666,461
830,663-U,2023-09-30 14:20:42,716,715
831,651-V,2023-12-13 04:20:56,690,827
832,945-Z,2023-09-20 10:46:35,551,537
833,471-B,2023-11-13 01:26:35,643,567
834,630-S,2024-03-06 16:36:38,876,939
835,296-D,2024-05-11 09:24:21,249,935
836,243-I,2023-09-12 18:04:46,787,921
837,433-G,2023-11-03 18:21:57,981,186
838,400-X,2023-08-14 13:30:58,373,200
839,253-R,2023-12-08 02:40:03,19,758
840,556-X,2024-04-13 03:55:48,389,976
841,156-G,2024-03-15 06:56:50,675,338
842,465-B,2024-02-01 03:24:13,960,658
843,530-W,2024-01-26 20:38:50,530,797
844,181-G,2024-05-14 09:51:15,99,515
845,589-D,2023-11-17 15:52:17,608,261
846,463-Y,2024-05-01 11:38:11,429,299
847,588-M,2023-08-22 05:05:04,78,824
848,739-Y,2023-10-23 20:15:55,704,905
849,209-Z,2024-04-16 15:17:37,522,62
850,262-A,2024-05-07 22:53:51,409,120
851,853-B,2024-04-06 01:02:37,708,515
852,028-Z,2023-07-21 21:48:02,231,303
853,639-Q,2023-06-17 14:54:43,948,35
854,265-F,2023-10-15 07:44:58,399,208
855,498-K,2024-03-19 18:33:10,109,357
856,064-M,2024-01-21 01:37:31,349,501
857,697-T,2024-05-14 03:53:27,938,857
858,290-J,2024-03-07 22:59:28,306,461
859,189-M,2023-10-16 16:27:55,350,596
860,895-G,2024-05-06 14:20:47,967,798
861,114-F,2024-04-04 15:00:30,24,959
862,260-L,2024-05-02 09:44:09,9,712
863,505-P,2023-07-01 06:06:40,131,694
864,249-I,2024-02-14 12:52:16,61,166
865,323-X,2024-01-05 07:53:14,694,478
866,221-U,2023-06-19 04:11:20,640,324
867,776-N,2023-10-22 11:37:19,132,447
868,853-F,2023-10-28 15:00:59,644,389
869,211-A,2023-10-11 12:40:27,26,342
870,465-I,2023-11-23 14:04:53,796,125
871,229-M,2023-12-06 06:20:46,202,209
872,361-J,2024-04-26 06:10:47,324,646
873,169-C,2024-03-18 00:49:53,604,122
874,510-Y,2024-02-11 08:22:31,678,996
875,579-X,2024-01-05 21:47:03,64,446
876,024-F,2024-05-04 05:27:46,226,463
877,869-U,2023-07-07 02:22:17,500,928
878,911-A,2023-07-03 10:48:52,83,978
879,850-D,2024-03-27 06:33:57,980,239
880,283-B,2023-09-30 22:30:57,785,58
881,463-A,2023-11-06 16:06:33,645,421
882,905-K,2023-11-14 23:42:14,832,236
883,894-W,2023-08-08 23:17:06,462,182
884,053-V,2024-04-29 16:40:20,929,791
885,654-C,2023-09-01 15:50:20,35,150
886,084-H,2023-09-19 15:31:45,216,706
887,881-J,2023-05-25 17:38:04,438,345
888,698-X,2023-12-19 03:21:17,547,762
889,543-K,2023-06-10 23:12:37,523,813
890,792-A,2023-06-27 02:57:41,495,71
891,622-D,2023-06-02 04:48:27,364,26
892,218-S,2023-06-10 02:27:18,824,596
893,863-Q,2023-11-26 23:15:20,271,437
894,129-X,2023-09-19 07:00:35,699,457
895,095-L,2024-01-20 11:43:26,221,292
896,113-J,2024-02-01 06:04:12,201,186
897,065-U,2023-09-05 06:55:03,447,238
898,241-M,2023-10-27 20:23:11,197,519
899,766-X,2023-09-08 21:12:21,368,496
900,630-W,2024-05-03 12:10:46,513,716
901,876-I,2024-04-28 01:45:21,896,439
902,966-H,2024-05-12 16:51:45,991,426
903,392-T,2023-10-23 01:13:12,218,587
904,482-Q,2023-10-17 17:20:43,118,748
905,974-I,2023-07-10 17:58:30,763,106
906,961-T,2024-02-13 22:00:51,465,73
907,630-Q,2023-06-16 20:11:58,667,911
908,117-F,2024-03-03 11:47:17,435,422
909,253-X,2024-04-20 20:26:04,136,922
910,655-X,2024-03-26 08:03:25,835,554
911,112-L,2023-11-02 01:30:18,697,17
912,173-B,2024-02-05 05:09:19,619,238
913,968-E,2024-05-18 12:01:35,115,942
914,249-I,2024-05-06 22:53:56,265,1
915,129-R,2024-01-28 07:58:50,463,608
916,577-X,2023-10-05 18:22:01,712,915
917,147-C,2023-07-04 16:33:16,41,651
918,757-E,2024-04-21 00:09:50,130,974
919,027-V,2023-05-30 23:25:56,116,780
920,951-V,2023-11-18 19:35:17,830,787
921,502-A,2023-08-03 12:58:26,64,390
922,407-G,2023-09-08 09:44:31,425,106
923,807-D,2023-09-04 09:49:15,477,894
924,959-K,2024-03-30 23:54:27,479,803
925,011-U,2023-12-14 17:44:08,595,316
926,423-F,2023-12-15 08:43:48,52,832
927,068-T,2023-10-01 07:32:06,178,65
928,978-B,2023-11-29 05:13:22,153,419
929,845-M,2023-10-15 13:10:50,586,967
930,571-M,2023-10-29 18:52:46,55,501
931,863-U,2023-11-28 06:40:26,862,134
932,622-A,2023-05-26 06:40:56,252,126
933,648-Y,2024-04-09 21:18:14,147,359
934,131-X,2023-11-13 20:44:12,708,661
935,409-C,2024-02-23 00:17:47,212,767
936,657-N,2024-05-09 22:59:51,191,894
937,401-D,2023-08-10 00:14:35,129,811
938,893-S,2023-06-17 02:49:24,534,910
939,996-M,2023-08-23 15:51:42,801,243
940,387-L,2024-01-04 10:22:54,395,769
941,609-N,2023-10-24 18:10:43,377,335
942,667-H,2023-08-03 15:06:56,214,121
943,185-V,2023-06-09 07:06:50,203,673
944,118-N,2023-06-07 22:25:28,207,259
945,390-G,2024-03-13 17:59:10,440,969
946,786-H,2024-01-02 08:08:10,379,978
947,808-J,2023-07-31 17:18:53,500,208
948,125-A,2023-10-19 16:06:00,402,160
949,505-A,2023-08-15 16:42:37,38,174
950,392-O,2024-03-03 01:59:12,63,516
951,927-V,2023-10-28 19:33:49,966,300
952,198-O,2024-01-31 23:36:09,483,895
953,242-E,2024-04-08 04:37:43,105,948
954,177-J,2024-05-20 00:15:06,369,263
955,579-D,2023-09-10 00:31:25,465,540
956,311-W,2023-12-08 06:01:46,79,554
957,213-J,2023-06-07 16:26:02,76,390
958,519-U,2024-05-13 23:14:03,880,734
959,814-J,2023-12-30 03:53:19,645,315
960,053-D,2023-06-09 14:28:21,568,214
961,744-E,2023-07-31 05:32:50,144,453
962,791-V,2023-12-04 09:15:19,748,645
963,260-A,2023-12-24 09:24:46,166,769
964,948-R,2023-12-30 22:26:14,438,225
965,331-N,2023-05-31 09:13:44,815,206
966,236-S,2024-03-04 06:13:30,471,314
967,623-P,2023-08-19 17:18:58,616,315
968,298-P,2024-04-26 10:56:01,555,165
969,992-J,2023-11-09 19:12:16,583,97
970,402-O,2023-09-01 03:50:46,274,723
971,063-B,2024-01-19 10:14:05,268,734
972,176-K,2024-03-03 16:33:06,508,178
973,640-Y,2024-01-18 14:03:03,318,462
974,991-Q,2024-03-01 10:14:06,605,414
975,737-L,2023-10-08 04:18:18,929,958
976,176-Z,2023-09-18 12:34:47,326,875
977,441-S,2023-11-22 22:27:37,280,809
978,695-H,2023-05-25 17:46:01,171,81
979,401-U,2024-01-30 17:15:57,171,934
980,487-Y,2023-07-01 03:05:31,146,718
981,840-O,2023-07-10 14:40:34,176,257
982,567-S,2024-02-08 12:28:47,726,629
983,933-B,2023-06-19 11:24:19,751,126
984,813-C,2024-01-25 16:59:28,570,516
985,619-Z,2024-01-10 12:00:50,69,885
986,501-B,2024-04-24 03:03:04,379,369
987,122-W,2024-03-12 02:10:42,778,268
988,812-C,2023-09-09 06:10:57,827,97
989,319-M,2024-04-07 13:29:49,540,73
990,855-V,2023-08-30 13:35:42,213,449
991,037-O,2024-04-14 15:52:15,3,106
992,910-L,2024-03-15 13:40:40,471,953
993,311-B,2024-05-05 10:42:03,362,924
994,691-P,2024-02-25 21:14:03,842,288
995,184-X,2024-01-11 11:41:00,200,606
996,533-R,2024-04-21 11:32:54,66,479
997,393-K,2024-02-17 01:51:31,953,548
998,939-U,2024-04-19 21:57:02,786,600
999,962-H,2024-03-27 17:44:54,75,494
1000,622-L,2023-06-01 03:41:49,222,731
1001,936-U,2023-10-08 05:52:11,556,854
1002,092-B,2024-03-13 02:14:20,266,198
1003,254-K,2023-09-01 13:06:33,737,663
1004,199-H,2024-02-26 20:24:09,501,777
1005,335-E,2023-09-28 23:44:28,97,990
1006,219-C,2023-06-08 13:59:28,520,995
1007,403-L,2023-07-13 22:04:39,11,865
1008,500-H,2023-09-02 14:25:33,562,17
1009,326-C,2024-03-11 00:10:54,215,629
1010,148-X,2024-05-12 09:35:46,261,862
1011,007-C,2024-01-27 04:30:45,80,51
1012,646-Z,2024-02-02 19:42:23,882,244
1013,533-H,2023-08-18 07:23:48,513,143
1014,345-E,2023-07-10 09:15:11,724,971
1015,580-Y,2024-05-08 00:29:18,382,808
1016,999-O,2024-03-19 15:03:03,483,552
1017,804-C,2024-04-24 08:07:58,186,392
1018,911-Y,2024-02-02 13:48:25,204,289
1019,156-C,2023-06-29 16:02:36,511,175
1020,645-C,2024-01-10 14:00:24,392,774
1021,599-L,2023-09-23 05:34:07,486,232
1022,617-W,2023-12-16 11:17:11,109,104
1023,021-P,2024-01-16 19:22:36,116,428
1024,605-D,2024-04-11 09:43:44,406,159
1025,880-T,2023-10-10 13:13:36,948,72
1026,934-U,2023-12-04 04:45:49,345,568
1027,350-C,2023-09-03 18:37:52,72,131
1028,066-A,2024-03-12 02:43:17,189,846
1029,652-F,2023-07-16 06:50:56,556,568
1030,451-P,2023-06-24 12:41:43,1000,908
1031,662-A,2023-06-08 22:10:27,586,40
1032,771-S,2023-07-05 04:30:47,432,557
1033,732-U,2024-04-29 16:35:32,1000,28
1034,347-V,2023-06-08 05:19:18,613,600
1035,637-X,2023-12-21 09:25:16,72,103
1036,961-Z,2023-06-04 18:33:15,77,987
1037,462-Y,2023-11-05 17:08:01,919,559
1038,345-X,2024-01-25 01:52:18,445,416
1039,732-B,2024-01-04 12:52:51,262,612
1040,687-Y,2023-12-22 22:40:42,840,899
1041,137-S,2023-09-16 07:11:10,100,536
1042,986-B,2024-03-31 03:14:22,386,413
1043,249-Q,2023-09-20 06:16:56,136,403
1044,146-Z,2024-01-30 13:23:35,854,634
1045,952-G,2023-08-29 16:13:02,538,957
1046,106-G,2023-12-10 17:28:43,587,249
1047,166-R,2023-06-02 20:31:23,164,292
1048,100-T,2024-05-06 14:51:04,559,933
1049,544-D,2023-07-16 16:44:18,94,26
1050,122-U,2023-09-19 21:22:38,1,694
1051,806-X,2023-09-05 15:36:35,278,29
1052,782-I,2024-02-09 08:50:08,794,418
1053,288-J,2023-09-05 13:25:11,760,649
1054,114-L,2023-09-10 10:00:45,280,458
1055,708-L,2023-12-08 00:36:23,973,625
1056,567-B,2023-06-18 22:54:30,5,126
1057,562-E,2024-02-12 01:52:16,37,220
1058,198-U,2024-01-05 03:12:12,534,132
1059,424-U,2024-04-01 18:53:01,113,331
1060,774-X,2023-12-31 14:07:30,24,257
1061,599-I,2023-12-11 05:14:27,985,256
1062,714-A,2024-04-16 01:53:08,368,302
1063,162-W,2023-10-29 10:08:11,34,99
1064,892-L,2023-10-24 04:27:27,728,886
1065,904-D,2023-11-13 11:56:40,136,142
1066,263-C,2023-11-13 19:31:52,281,845
1067,147-Y,2024-02-01 19:23:25,817,743
1068,877-F,2024-03-04 03:14:45,311,678
1069,342-W,2023-06-23 14:16:18,427,940
1070,996-S,2023-11-20 09:50:40,293,384
1071,689-Y,2023-12-07 02:15:24,644,370
1072,599-K,2023-09-25 13:34:01,924,700
1073,752-J,2023-07-19 13:57:40,337,19
1074,190-M,2024-04-29 17:10:53,57,851
1075,794-P,2023-07-10 05:07:46,138,189
1076,351-Z,2024-04-12 08:03:29,994,465
1077,310-Y,2023-07-14 19:06:24,799,326
1078,175-Z,2023-06-27 15:32:58,897,771
1079,383-Y,2024-02-06 17:15:31,32,628
1080,078-V,2023-07-03 11:14:49,680,403
1081,571-O,2023-09-06 23:12:35,145,109
1082,143-P,2023-10-09 05:00:08,94,659
1083,094-C,2024-03-07 09:38:57,703,756
1084,194-Y,2023-10-03 09:31:44,663,485
1085,873-I,2023-05-28 03:54:32,857,424
1086,403-F,2024-03-10 17:03:58,605,499
1087,701-N,2023-05-28 19:58:30,649,732
1088,771-N,2023-07-30 19:13:16,400,471
1089,079-Y,2024-02-09 06:35:08,651,115
1090,785-P,2024-02-19 15:30:54,344,142
1091,317-E,2024-03-14 03:20:38,122,85
1092,880-W,2024-01-12 15:38:11,109,15
1093,575-V,2023-06-02 22:39:35,140,677
1094,340-A,2023-09-21 22:36:56,954,128
1095,138-G,2024-01-05 02:05:37,315,548
1096,538-V,2024-01-14 11:36:30,994,620
1097,197-N,2023-07-05 23:07:46,308,455
1098,888-O,2023-11-21 12:13:38,731,274
1099,845-L,2023-10-18 03:46:37,327,125
1100,250-N,2023-06-02 01:45:55,978,588
1101,631-L,2023-09-30 16:52:01,507,937
1102,804-E,2023-07-19 10:21:52,860,793
1103,704-R,2024-03-04 12:40:05,800,191
1104,515-B,2023-06-13 20:22:10,169,341
1105,220-J,2024-02-22 23:37:28,677,267
1106,848-O,2024-01-19 11:10:31,464,270
1107,108-Z,2024-03-14 19:12:55,726,961
1108,823-Z,2024-04-23 18:05:00,548,742
1109,959-P,2024-03-27 05:08:20,675,444
1110,170-W,2023-10-22 13:41:41,996,988
1111,662-Q,2024-01-20 09:44:44,685,42
1112,055-C,2023-09-06 07:46:53,199,555
1113,071-H,2023-10-28 10:41:10,922,840
1114,534-L,2024-03-03 03:38:51,209,153
1115,409-F,2023-06-03 02:33:30,770,243
1116,336-Q,2024-01-26 08:48:08,862,600
1117,646-V,2024-03-25 14:35:00,483,497
1118,948-C,2023-10-10 15:46:29,248,376
1119,030-R,2023-10-06 23:05:43,83,616
1120,791-W,2023-09-26 05:24:05,107,867
1121,631-N,2024-02-20 14:22:30,555,524
1122,762-H,2023-06-11 06:32:52,697,758
1123,135-R,2023-07-25 10:36:53,430,991
1124,571-Q,2024-05-16 15:30:12,438,429
1125,396-O,2023-12-30 19:53:02,944,314
1126,313-I,2023-05-22 07:23:54,689,424
1127,519-Y,2024-03-21 13:33:39,779,398
1128,800-R,2024-03-29 04:58:31,779,280
1129,962-N,2023-08-09 17:17:39,398,134
1130,580-L,2024-03-10 06:57:55,918,714
1131,594-C,2023-10-29 19:10:49,656,330
1132,491-L,2023-09-04 13:26:28,620,854
1133,544-W,2024-02-27 22:36:45,825,810
1134,778-P,2023-12-20 09:50:30,804,298
1135,172-T,2023-09-01 06:59:25,384,749
1136,174-K,2023-07-10 13:50:57,211,106
1137,787-E,2023-12-17 01:00:26,728,750
1138,485-J,2024-03-08 17:47:30,600,314
1139,342-B,2023-08-19 06:15:17,606,978
1140,253-P,2023-12-13 16:21:52,239,421
1141,767-A,2024-02-20 23:31:18,391,686
1142,876-Y,2023-07-19 04:38:01,552,741
1143,797-Z,2023-11-02 22:33:25,44,388
1144,217-D,2023-07-26 07:41:55,292,333
1145,209-V,2023-09-23 16:48:15,39,164
1146,535-F,2023-06-21 17:49:43,530,857
1147,655-G,2024-04-09 11:41:59,174,705
1148,382-G,2024-03-17 01:08:35,186,538
1149,645-L,2024-01-03 09:58:27,733,918
1150,567-D,2023-06-22 16:28:13,826,768
1151,005-P,2023-06-11 03:04:19,681,687
1152,949-R,2023-12-21 18:16:16,576,380
1153,830-D,2023-11-16 05:39:28,648,636
1154,138-E,2024-02-19 07:42:30,847,312
1155,518-Z,2024-04-15 16:03:20,398,323
1156,381-I,2023-10-26 07:47:21,402,439
1157,099-A,2023-10-04 14:31:41,257,571
1158,320-N,2024-02-25 17:30:21,603,738
1159,667-L,2023-09-30 05:18:52,813,671
1160,115-R,2024-03-23 16:07:58,510,139
1161,761-C,2024-05-09 06:48:24,387,706
1162,437-E,2024-05-18 17:13:40,93,10
1163,535-Q,2023-09-05 15:27:02,172,198
1164,381-U,2023-12-15 10:54:02,714,392
1165,635-L,2023-10-28 13:50:14,578,120
1166,530-C,2023-05-25 16:15:31,782,538
1167,089-L,2024-02-26 11:36:28,388,349
1168,469-D,2024-03-13 03:11:35,615,342
1169,991-O,2023-08-12 05:42:22,775,734
1170,800-C,2024-03-20 21:06:39,832,521
1171,054-T,2024-01-24 22:36:26,530,675
1172,177-J,2024-01-27 17:20:39,303,392
1173,194-R,2023-12-30 09:44:38,855,413
1174,517-V,2024-01-10 17:42:43,833,393
1175,045-H,2024-02-11 15:50:22,981,140
1176,810-U,2023-07-28 20:42:23,101,725
1177,554-X,2023-12-23 18:32:01,174,634
1178,683-E,2023-08-16 03:04:13,119,129
1179,816-R,2023-12-08 11:32:38,712,397
1180,824-I,2023-10-03 02:29:34,102,107
1181,063-H,2023-06-03 08:03:51,529,982
1182,226-O,2023-06-30 17:33:05,19,625
1183,909-G,2024-04-07 05:45:06,147,789
1184,670-L,2024-04-15 11:00:55,611,887
1185,862-Y,2024-01-23 17:07:56,886,405
1186,429-W,2024-05-16 06:16:51,311,803
1187,832-U,2023-06-20 22:18:06,79,164
1188,380-U,2023-07-26 14:27:42,296,737
1189,019-O,2023-11-20 15:10:05,903,851
1190,273-H,2024-02-18 15:06:04,246,461
1191,163-Z,2024-01-19 18:34:24,945,558
1192,327-L,2023-06-14 12:03:58,788,225
1193,279-J,2023-11-17 13:59:10,43,560
1194,872-Y,2024-03-28 03:57:01,882,357
1195,375-W,2023-10-07 06:34:09,881,447
1196,813-Y,2024-04-11 18:59:26,315,705
1197,429-L,2024-03-30 01:33:53,357,974
1198,369-T,2023-07-30 11:10:26,822,285
1199,441-I,2023-07-30 15:54:14,687,29
1200,401-G,2024-03-13 23:00:51,998,525
1201,838-K,2023-09-24 05:39:18,577,731
1202,069-V,2024-02-26 06:11:05,858,657
1203,778-F,2024-03-27 06:08:50,805,784
1204,309-N,2023-08-17 15:00:41,546,778
1205,466-E,2023-11-28 23:23:42,955,526
1206,705-O,2023-06-13 21:40:55,23,932
1207,346-H,2023-06-21 06:09:00,290,241
1208,118-Z,2023-07-22 21:53:20,684,738
1209,235-C,2023-08-05 18:20:14,597,690
1210,149-R,2023-08-18 14:31:23,620,631
1211,077-C,2023-10-18 22:29:57,731,236
1212,319-U,2024-01-01 03:37:03,215,365
1213,033-A,2023-10-29 22:49:02,302,274
1214,872-W,2023-06-29 14:32:20,274,141
1215,805-G,2023-06-12 20:52:38,171,471
1216,505-Y,2023-07-11 19:21:07,15,280
1217,523-Q,2023-06-17 04:03:56,460,53
1218,028-Q,2024-01-28 18:37:28,964,611
1219,177-O,2023-10-02 12:47:16,122,360
1220,292-P,2023-08-19 20:20:24,169,508
1221,726-J,2023-07-01 18:19:23,675,127
1222,342-J,2023-07-09 02:20:23,239,228
1223,196-Z,2023-05-24 03:12:07,116,319
1224,770-Y,2024-03-29 15:50:52,731,53
1225,831-O,2024-03-27 14:49:54,296,785
1226,871-J,2023-11-23 05:47:24,386,255
1227,700-E,2023-09-29 08:04:06,407,455
1228,598-E,2023-06-28 08:18:49,453,714
1229,824-N,2023-07-29 04:27:18,324,416
1230,478-U,2024-03-10 09:14:41,512,370
1231,966-T,2024-04-23 04:55:42,648,318
1232,356-I,2024-02-14 15:15:58,105,492
1233,597-R,2023-06-09 17:33:32,71,658
1234,891-I,2024-02-09 08:45:45,226,484
1235,610-J,2023-09-26 20:43:09,902,378
1236,948-K,2023-12-17 06:50:19,246,968
1237,507-H,2024-04-09 05:04:08,347,682
1238,904-O,2024-04-01 06:05:10,213,174
1239,981-G,2023-05-29 09:16:14,556,805
1240,832-S,2023-09-11 02:02:27,608,626
1241,425-F,2024-02-19 04:22:04,400,883
1242,427-X,2024-02-02 23:25:51,91,173
1243,020-C,2023-05-22 15:59:39,250,650
1244,513-B,2024-04-26 11:43:00,202,455
1245,707-K,2023-09-21 06:43:57,927,900
1246,802-I,2024-04-21 06:10:56,945,581
1247,485-Q,2023-12-20 01:56:50,959,155
1248,989-Y,2023-11-22 04:31:01,235,721
1249,805-S,2024-02-15 13:43:45,137,546
1250,945-Z,2023-12-01 21:09:19,68,767
1251,703-Z,2023-09-16 21:22:17,151,820
1252,127-U,2023-07-18 12:01:50,753,233
1253,816-I,2024-01-17 11:02:08,854,417
1254,919-M,2023-12-23 23:30:48,277,338
1255,849-T,2024-04-16 02:12:42,633,20
1256,022-F,2024-01-13 15:43:01,791,636
1257,189-Y,2024-05-20 21:40:10,529,98
1258,143-X,2023-11-28 22:50:22,625,590
1259,547-M,2023-10-01 18:28:27,742,802
1260,509-I,2023-07-27 10:32:03,806,434
1261,427-G,2023-10-21 14:44:10,716,272
1262,253-B,2023-06-10 10:42:42,906,304
1263,661-P,2023-08-13 04:10:44,330,689
1264,691-B,2023-10-23 17:37:10,432,999
1265,533-K,2024-04-19 21:50:42,653,97
1266,721-X,2024-03-01 03:31:28,32,645
1267,383-G,2023-09-28 13:51:18,545,649
1268,300-W,2024-01-31 03:49:47,347,172
1269,195-K,2023-12-27 05:23:42,616,810
1270,623-M,2023-07-30 14:29:16,933,993
1271,932-U,2024-01-05 04:18:03,800,438
1272,970-S,2023-08-16 16:13:49,640,197
1273,648-H,2023-12-24 13:41:41,383,43
1274,618-B,2023-06-04 00:45:47,562,925
1275,661-Y,2023-09-27 13:03:39,839,524
1276,578-R,2023-09-17 12:59:42,437,743
1277,162-Z,2023-08-31 11:31:39,137,849
1278,425-U,2024-03-17 14:25:50,351,84
1279,829-H,2024-05-14 06:33:48,650,59
1280,114-N,2024-01-14 23:03:36,702,77
1281,481-V,2023-12-12 08:10:25,357,366
1282,070-W,2023-07-17 06:05:23,289,327
1283,560-O,2024-02-06 08:12:11,913,647
1284,276-B,2024-01-13 12:49:54,847,779
1285,316-J,2024-03-21 00:14:35,204,733
1286,467-R,2024-01-21 12:33:21,366,255
1287,683-G,2023-07-14 22:10:50,989,735
1288,952-I,2024-04-01 21:05:45,74,909
1289,692-K,2023-07-20 03:48:36,562,134
1290,006-L,2023-08-12 02:21:02,494,253
1291,491-W,2023-11-23 23:12:50,434,135
1292,796-V,2024-03-31 04:45:49,929,91
1293,253-K,2023-06-10 11:12:37,91,1000
1294,698-U,2024-03-25 12:40:25,508,948
1295,712-J,2024-03-07 17:39:31,206,276
1296,324-T,2023-10-06 03:41:04,912,396
1297,095-Y,2024-04-14 13:13:50,40,202
1298,701-V,2023-06-30 07:15:54,743,818
1299,572-C,2024-03-10 05:40:57,320,943
1300,669-R,2024-02-29 04:39:04,715,753
1301,075-B,2024-03-08 13:15:25,748,272
1302,859-T,2024-02-04 17:38:38,919,455
1303,965-Z,2023-12-07 13:06:02,189,602
1304,223-D,2024-01-31 21:19:54,519,523
1305,319-G,2023-12-02 01:32:30,487,92
1306,900-X,2023-09-04 08:31:22,821,459
1307,045-J,2023-09-21 14:32:52,184,243
1308,193-G,2023-09-08 12:00:05,126,669
1309,481-A,2024-01-25 16:24:10,620,547
1310,179-P,2023-09-27 16:55:33,272,104
1311,950-Y,2023-06-17 01:52:30,560,854
1312,747-W,2024-01-04 19:36:40,798,245
1313,412-V,2024-02-11 07:42:05,576,102
1314,045-R,2024-05-02 07:01:31,130,428
1315,506-K,2024-04-30 20:44:03,629,883
1316,065-B,2023-07-10 01:52:05,516,807
1317,671-C,2023-09-30 02:52:25,375,65
1318,402-W,2023-06-10 18:11:13,367,555
1319,833-Q,2023-10-13 23:47:00,923,249
1320,289-T,2023-10-09 15:08:24,498,632
1321,024-X,2024-05-15 02:12:06,152,78
1322,965-O,2023-09-26 02:40:24,691,218
1323,013-Y,2023-10-16 02:45:58,914,559
1324,664-T,2023-07-03 14:37:46,300,173
1325,389-O,2023-08-28 22:27:38,839,385
1326,225-C,2024-05-13 03:22:41,479,436
1327,937-K,2023-12-25 15:53:16,866,818
1328,513-I,2023-07-29 12:20:11,412,714
1329,500-Y,2023-09-14 09:28:04,258,35
1330,534-D,2023-10-02 15:03:51,439,287
1331,163-Q,2023-08-24 09:57:03,944,908
1332,017-Y,2023-06-13 20:34:25,174,432
1333,321-M,2023-05-23 07:45:21,374,542
1334,708-P,2023-06-23 14:14:20,58,756
1335,367-A,2023-09-21 11:07:28,813,989
1336,993-W,2024-04-20 08:22:34,198,596
1337,524-B,2023-10-18 04:32:13,368,311
1338,077-J,2023-08-26 16:55:40,591,847
1339,706-Y,2023-09-06 00:12:38,52,763
1340,179-Y,2024-05-06 03:31:08,283,484
1341,308-H,2023-12-08 05:10:36,55,806
1342,383-O,2024-03-19 16:03:28,867,718
1343,532-J,2023-08-15 01:34:16,331,816
1344,517-I,2023-07-24 05:46:29,806,660
1345,917-U,2024-05-10 01:36:37,461,858
1346,848-Y,2024-05-12 10:41:52,71,294
1347,812-V,2023-05-27 08:39:53,274,885
1348,941-I,2024-04-07 04:09:00,278,35
1349,173-Y,2023-07-05 05:40:48,927,112
1350,378-V,2023-06-12 12:33:48,859,290
1351,677-Y,2024-04-10 20:15:32,751,898
1352,647-L,2023-12-08 09:47:15,927,638
1353,658-O,2023-07-08 16:45:20,145,771
1354,868-T,2023-06-22 14:04:44,40,53
1355,892-H,2023-10-17 14:22:04,259,673
1356,095-F,2023-10-24 18:55:26,159,558
1357,251-P,2023-10-30 14:19:22,527,420
1358,642-V,2024-03-26 23:55:04,194,128
1359,664-F,2023-06-05 19:32:40,997,53
1360,551-T,2024-03-04 21:54:16,57,422
1361,849-S,2024-04-10 22:59:29,334,373
1362,850-B,2024-04-10 23:57:41,339,437
1363,338-V,2023-12-09 22:35:35,592,510
1364,812-R,2023-09-30 18:26:19,326,956
1365,947-G,2024-03-19 20:44:10,363,932
1366,229-A,2023-08-08 21:25:36,984,581
1367,773-D,2024-01-25 06:34:15,489,628
1368,166-W,2023-09-05 18:38:51,256,588
1369,368-L,2023-06-11 16:41:41,863,254
1370,755-D,2023-10-09 07:07:42,743,692
1371,151-X,2023-05-24 02:27:52,382,85
1372,584-Z,2024-01-25 14:23:41,904,586
1373,356-R,2024-03-27 01:06:11,140,213
1374,113-D,2023-06-17 00:23:29,127,827
1375,891-K,2023-12-10 20:18:22,449,263
1376,319-Z,2024-04-13 02:50:11,185,898
1377,642-W,2023-06-15 00:48:45,808,269
1378,250-I,2023-12-04 22:59:54,514,417
1379,127-B,2023-07-20 10:47:59,57,752
1380,879-N,2024-05-03 10:09:09,418,840
1381,158-X,2023-08-02 12:53:05,969,9
1382,170-Z,2023-05-30 17:16:02,341,688
1383,395-D,2023-06-22 03:05:04,460,662
1384,116-N,2023-08-19 12:44:24,377,855
1385,466-D,2023-09-29 18:13:32,831,741
1386,675-G,2023-06-27 08:16:19,173,133
1387,041-K,2023-07-03 16:21:04,318,373
1388,658-A,2023-07-22 16:58:52,437,275
1389,010-C,2023-06-02 03:24:35,883,771
1390,018-U,2024-01-19 04:52:27,908,711
1391,916-F,2024-03-12 13:33:46,162,74
1392,087-H,2023-08-28 18:24:48,914,517
1393,440-V,2023-11-18 20:37:47,766,649
1394,623-W,2023-07-03 17:49:53,172,866
1395,962-K,2023-12-16 13:35:24,939,155
1396,220-X,2023-10-21 09:25:11,110,634
1397,973-O,2023-08-04 22:44:10,682,345
1398,124-J,2023-07-30 18:09:09,178,244
1399,066-S,2024-04-18 17:40:19,71,11
1400,669-G,2024-04-24 00:35:25,532,21
1401,538-J,2023-09-24 11:45:49,583,650
1402,543-U,2023-07-23 02:50:45,15,665
1403,017-D,2024-04-10 06:31:48,765,321
1404,904-D,2024-03-20 12:01:35,764,668
1405,589-L,2023-07-31 06:15:45,978,269
1406,173-E,2023-10-03 00:17:37,112,422
1407,528-W,2023-09-18 05:05:46,324,215
1408,233-L,2023-06-15 01:40:28,176,879
1409,615-A,2023-10-04 01:51:35,102,917
1410,757-V,2023-05-26 19:50:42,276,374
1411,509-W,2023-09-29 03:24:07,601,405
1412,109-M,2024-05-17 15:08:42,874,759
1413,480-O,2023-08-07 12:56:55,146,318
1414,020-H,2024-04-25 15:21:26,591,716
1415,368-D,2024-04-20 04:28:24,620,806
1416,313-O,2023-06-20 10:10:18,783,933
1417,512-M,2023-10-29 01:48:55,222,12
1418,774-B,2024-05-05 18:45:40,634,492
1419,568-H,2023-06-02 22:15:13,237,211
1420,784-L,2024-03-28 02:18:08,317,722
1421,789-J,2024-02-29 13:25:10,678,343
1422,631-J,2024-05-08 02:01:48,26,579
1423,026-K,2023-07-06 00:47:23,876,283
1424,404-U,2023-06-26 13:24:39,196,667
1425,034-D,2023-07-30 07:56:52,162,539
1426,250-U,2024-04-11 14:25:59,254,442
1427,286-I,2023-08-17 14:20:48,730,66
1428,035-A,2023-09-24 05:39:34,352,607
1429,707-H,2024-03-29 17:01:49,689,118
1430,646-C,2023-06-25 13:40:29,113,988
1431,710-L,2023-09-12 16:08:46,152,357
1432,207-R,2024-03-19 20:51:36,175,733
1433,674-B,2024-04-12 04:15:18,453,758
1434,614-H,2023-06-25 02:52:50,773,816
1435,961-D,2023-11-12 08:32:25,118,118
1436,421-E,2023-12-20 04:30:57,58,178
1437,069-W,2023-07-30 20:51:39,848,332
1438,496-S,2024-01-20 12:44:27,662,41
1439,483-W,2023-09-22 18:06:23,227,738
1440,418-B,2024-03-22 16:14:28,155,580
1441,864-R,2023-08-13 18:30:03,812,435
1442,203-I,2023-11-14 15:25:48,675,295
1443,339-N,2023-11-24 05:08:44,939,204
1444,195-F,2024-02-19 02:49:18,389,918
1445,192-Z,2024-04-23 23:06:57,569,222
1446,901-V,2023-06-29 03:20:14,641,937
1447,373-Y,2024-03-27 00:56:39,854,330
1448,292-W,2024-03-23 16:56:26,179,707
1449,576-H,2023-08-18 23:29:29,893,437
1450,639-Y,2024-01-21 10:51:11,928,365
1451,996-Q,2023-10-26 08:19:28,844,202
1452,915-J,2023-11-08 21:38:24,28,332
1453,475-T,2023-08-20 04:26:50,799,815
1454,702-L,2023-12-13 10:36:04,355,973
1455,629-M,2023-12-13 01:19:36,735,616
1456,184-L,2024-04-04 12:45:33,608,99
1457,312-U,2024-02-22 01:53:11,95,769
1458,122-P,2023-06-11 19:29:50,675,805
1459,723-W,2023-09-12 22:08:09,863,302
1460,878-H,2023-08-20 04:49:02,300,670
1461,998-E,2023-06-15 05:12:43,862,193
1462,180-C,2024-02-17 00:02:08,130,619
1463,075-R,2023-06-12 12:00:33,343,995
1464,867-J,2023-09-30 17:50:18,794,910
1465,755-U,2023-11-11 05:30:12,874,747
1466,707-F,2023-10-15 16:31:11,814,380
1467,121-L,2023-08-09 09:02:56,262,926
1468,538-C,2024-02-28 21:10:04,846,634
1469,697-K,2023-06-06 03:37:11,562,624
1470,889-R,2023-08-27 08:22:53,242,657
1471,249-Y,2023-05-25 06:12:14,882,642
1472,904-X,2023-07-21 12:01:35,396,118
1473,309-G,2023-09-08 18:04:03,8,141
1474,273-R,2023-11-29 23:47:27,425,972
1475,691-L,2023-07-24 02:28:25,731,878
1476,589-K,2023-07-28 09:15:19,320,9
1477,169-G,2023-11-26 09:44:37,272,82
1478,234-S,2023-09-12 16:52:11,326,27
1479,013-P,2023-06-16 15:59:08,935,537
1480,519-D,2023-11-20 16:45:31,753,703
1481,326-B,2024-02-28 09:34:31,313,963
1482,474-L,2023-08-11 02:04:07,596,278
1483,637-D,2023-11-02 00:06:32,980,581
1484,518-Y,2023-07-31 16:33:25,641,282
1485,413-J,2023-09-14 15:07:32,534,20
1486,037-E,2023-10-03 20:00:19,713,615
1487,899-A,2024-01-18 18:48:11,477,254
1488,530-M,2023-10-13 03:56:57,190,607
1489,317-B,2023-08-15 08:38:26,706,10
1490,069-A,2023-09-25 17:28:17,758,615
1491,608-S,2024-03-29 01:26:27,183,753
1492,246-U,2024-05-03 13:29:06,296,339
1493,369-C,2024-05-04 06:45:32,782,661
1494,101-B,2023-11-26 14:17:49,568,640
1495,746-M,2023-08-08 16:20:58,116,980
1496,975-G,2024-03-19 09:51:03,113,26
1497,020-Y,2024-04-28 12:48:41,832,539
1498,234-I,2023-11-13 14:23:36,228,186
1499,375-E,2023-08-08 05:19:22,91,461
1500,803-S,2023-12-08 17:19:45,73,47
1501,359-T,2023-12-30 07:49:04,990,851
1502,886-Y,2023-12-27 15:48:03,989,674
1503,183-O,2023-08-08 14:57:37,222,10
1504,685-H,2024-01-01 04:15:17,313,73
1505,044-J,2023-10-24 03:34:54,505,611
1506,132-L,2023-10-29 02:53:18,256,850
1507,860-A,2023-10-04 07:12:20,581,340
1508,103-Y,2023-10-17 00:32:20,591,751
1509,782-F,2024-01-08 11:25:52,281,208
1510,602-Y,2023-08-13 01:27:47,177,122
1511,495-Y,2024-03-26 00:59:07,46,491
1512,173-I,2023-11-16 00:45:40,338,820
1513,657-R,2024-02-26 00:17:44,804,499
1514,870-I,2023-10-09 10:14:41,797,32
1515,909-M,2024-05-03 07:56:14,313,935
1516,883-Y,2023-06-20 21:49:01,208,171
1517,861-C,2024-04-29 04:28:42,61,74
1518,342-K,2023-11-20 23:59:45,571,503
1519,365-I,2023-08-31 02:49:06,179,29
1520,769-X,2023-06-23 22:25:49,976,325
1521,385-W,2023-10-18 01:21:49,698,968
1522,961-F,2023-12-29 12:39:14,187,669
1523,185-C,2023-11-06 06:21:42,561,355
1524,123-S,2023-09-11 22:41:45,650,248
1525,531-V,2024-04-07 03:38:14,147,562
1526,904-B,2023-06-19 17:48:07,962,225
1527,039-K,2023-11-22 23:11:34,112,635
1528,815-G,2023-06-17 23:35:48,997,476
1529,727-P,2024-03-11 01:47:49,622,555
1530,423-V,2023-08-09 18:35:44,803,841
1531,805-Y,2024-01-25 03:00:35,666,571
1532,650-D,2023-08-19 11:47:26,355,392
1533,837-L,2023-11-15 19:50:42,702,435
1534,530-U,2024-01-11 13:47:49,159,977
1535,291-L,2023-12-19 22:38:32,908,55
1536,571-S,2024-01-02 01:44:08,10,696
1537,078-P,2024-03-13 11:18:01,264,425
1538,354-W,2023-05-21 06:42:24,479,710
1539,965-N,2023-08-12 05:09:43,891,217
1540,137-J,2023-07-26 08:45:55,228,858
1541,277-V,2023-10-14 22:19:32,849,577
1542,250-T,2024-02-03 09:41:36,154,97
1543,711-O,2023-07-19 19:54:59,615,153
1544,104-T,2024-01-02 10:42:32,725,83
1545,222-J,2024-01-14 17:24:42,846,912
1546,858-N,2024-04-30 15:55:37,54,967
1547,356-E,2023-07-15 15:27:37,868,813
1548,578-J,2023-12-05 11:56:51,367,673
1549,956-T,2023-08-02 07:40:09,596,180
1550,679-X,2023-09-03 15:59:28,696,81
1551,861-T,2024-01-02 16:20:46,745,657
1552,378-S,2023-11-12 11:57:32,755,950
1553,137-X,2023-07-18 19:06:32,956,35
1554,966-I,2023-10-28 00:22:41,70,595
1555,756-R,2024-04-01 09:42:34,659,86
1556,440-D,2023-11-04 16:29:06,115,295
1557,270-N,2023-12-22 01:17:45,430,353
1558,594-I,2023-07-23 12:42:38,685,309
1559,295-Q,2023-12-07 12:44:03,676,574
1560,184-B,2024-01-07 17:51:08,371,355
1561,789-D,2024-03-19 11:08:35,228,282
1562,392-K,2023-06-16 03:59:36,628,585
1563,433-J,2024-01-30 05:51:13,892,598
1564,514-T,2023-07-01 04:20:58,142,984
1565,563-V,2024-01-23 17:44:12,797,4
1566,095-N,2024-05-10 09:25:06,303,264
1567,883-L,2023-10-29 05:06:25,642,118
1568,701-M,2024-03-08 22:16:54,758,378
1569,927-A,2023-11-15 01:03:16,793,494
1570,381-L,2023-07-09 17:40:31,731,50
1571,035-L,2023-12-02 19:55:28,741,717
1572,061-T,2023-11-09 15:36:04,737,717
1573,000-L,2024-03-05 01:46:53,954,409
1574,729-D,2023-06-17 22:14:38,999,608
1575,471-Q,2023-10-10 00:52:09,932,778
1576,327-M,2024-04-10 08:59:19,915,307
1577,918-M,2024-04-03 12:12:52,532,164
1578,301-O,2024-05-14 07:03:04,193,906
1579,261-N,2023-05-30 11:18:24,197,210
1580,107-W,2023-11-15 17:23:15,932,653
1581,407-B,2024-03-09 15:46:30,529,45
1582,890-K,2023-09-17 11:39:46,290,130
1583,724-E,2023-09-10 05:56:15,497,483
1584,201-A,2023-12-21 14:07:48,597,51
1585,670-J,2024-01-07 09:27:31,398,624
1586,436-B,2024-04-08 12:22:41,65,307
1587,386-X,2024-04-16 23:00:42,468,135
1588,365-D,2024-03-09 18:05:56,366,829
1589,964-Z,2023-07-21 22:29:22,954,760
1590,478-S,2024-04-08 06:14:41,340,159
1591,942-S,2024-03-28 02:15:17,458,581
1592,061-T,2024-05-04 09:33:13,963,659
1593,347-R,2023-11-21 18:07:50,839,395
1594,660-K,2023-11-20 12:32:11,577,566
1595,442-M,2023-07-11 22:20:24,833,551
1596,743-E,2024-02-05 03:39:09,466,10
1597,884-P,2023-11-04 02:57:02,464,32
1598,019-H,2024-03-26 20:34:09,997,174
1599,938-R,2024-04-23 17:23:51,755,458
1600,286-S,2023-12-17 00:59:14,83,605
1601,565-A,2023-07-30 10:21:37,534,21
1602,909-V,2024-04-29 19:02:05,281,192
1603,836-P,2024-03-07 12:13:53,214,943
1604,000-Q,2023-06-26 19:03:30,484,905
1605,480-Q,2024-03-11 16:40:27,554,887
1606,970-D,2023-07-23 04:17:47,53,398
1607,416-D,2024-04-06 12:22:17,736,598
1608,067-Y,2023-09-13 21:53:25,954,948
1609,208-W,2023-07-14 09:58:00,41,614
1610,415-A,2023-06-21 16:48:54,597,984
1611,523-Z,2023-06-14 03:04:16,640,713
1612,599-N,2024-05-01 22:10:43,602,829
1613,578-C,2023-06-26 11:03:05,888,439
1614,809-U,2023-06-29 01:03:38,25,628
1615,696-I,2024-04-01 10:30:28,616,785
1616,211-W,2023-08-03 11:55:26,220,629
1617,363-L,2024-01-31 08:33:43,955,946
1618,777-S,2023-12-11 20:22:01,453,694
1619,306-H,2023-08-24 06:24:55,973,534
1620,384-R,2023-12-26 20:53:27,728,469
1621,562-O,2024-04-03 00:16:00,576,200
1622,646-L,2023-06-14 05:03:12,687,931
1623,692-K,2024-05-07 10:45:29,757,364
1624,847-I,2023-11-14 01:11:28,28,572
1625,038-R,2024-03-05 06:52:55,947,733
1626,294-E,2024-03-31 00:51:06,781,747
1627,431-W,2023-05-30 12:00:51,269,386
1628,336-K,2023-09-07 21:49:16,24,757
1629,768-Y,2024-01-10 12:45:06,804,211
1630,625-Z,2023-09-20 11:01:23,207,810
1631,953-Y,2023-11-03 17:15:59,490,323
1632,898-Q,2023-09-19 03:19:46,734,162
1633,272-P,2023-06-08 22:20:32,412,508
1634,356-L,2023-09-04 07:13:25,401,851
1635,771-L,2023-06-22 00:57:26,548,761
1636,879-R,2024-04-08 20:26:56,189,398
1637,097-C,2024-04-04 12:58:58,279,945
1638,431-T,2024-03-29 22:37:28,742,918
1639,408-C,2024-05-06 15:50:56,995,538
1640,436-Z,2023-11-17 12:40:28,835,613
1641,556-J,2024-04-05 00:04:05,953,609
1642,781-C,2023-10-04 15:45:45,480,95
1643,013-E,2023-10-11 05:18:13,224,523
1644,834-E,2023-05-24 01:21:34,167,481
1645,955-O,2023-05-29 02:18:15,718,112
1646,867-H,2023-07-13 17:22:47,402,729
1647,438-V,2024-02-14 17:57:16,504,235
1648,047-K,2023-08-31 02:22:06,301,958
1649,915-J,2024-03-30 13:40:54,157,486
1650,472-Q,2023-12-20 23:10:36,920,840
1651,958-A,2024-02-18 15:12:14,75,893
1652,626-F,2023-11-06 15:18:03,81,519
1653,739-V,2024-03-24 17:15:33,315,543
1654,652-B,2023-07-31 08:25:29,225,525
1655,564-B,2023-07-27 17:51:57,878,209
1656,087-Y,2023-10-13 16:42:48,979,430
1657,837-D,2023-06-05 01:02:26,37,805
1658,822-W,2024-02-10 07:52:39,366,256
1659,698-I,2023-10-27 21:57:28,29,611
1660,090-X,2024-03-11 19:41:37,609,900
1661,917-L,2023-11-13 13:35:22,318,423
1662,578-G,2024-01-20 03:58:01,904,598
1663,048-D,2024-05-18 07:38:04,987,258
1664,113-B,2024-02-07 20:17:25,11,676
1665,853-R,2024-03-12 11:46:29,721,34
1666,030-U,2023-11-12 08:53:17,274,80
1667,489-J,2023-07-30 15:50:18,485,100
1668,979-B,2023-10-04 02:46:45,526,521
1669,028-B,2023-06-10 06:08:03,802,1000
1670,694-T,2023-09-12 18:01:56,835,894
1671,874-P,2023-10-16 17:38:52,388,264
1672,527-D,2023-06-22 11:36:17,730,132
1673,272-Z,2023-09-20 23:56:43,237,189
1674,931-T,2023-12-07 09:11:37,613,248
1675,618-J,2023-10-27 06:35:45,32,924
1676,414-H,2023-11-06 14:09:59,85,648
1677,276-E,2023-08-02 09:40:46,92,486
1678,865-C,2024-01-01 07:48:14,877,892
1679,729-Z,2024-03-25 07:17:28,8,884
1680,844-F,2023-10-25 06:43:23,581,58
1681,763-L,2023-10-31 11:15:18,388,746
1682,826-L,2024-02-28 15:41:00,50,70
1683,747-O,2023-12-25 18:42:24,500,793
1684,483-K,2024-01-26 07:57:33,701,386
1685,791-R,2023-06-30 07:23:04,625,49
1686,099-T,2023-07-31 11:15:20,120,64
1687,345-S,2024-01-28 11:22:44,951,919
1688,363-Q,2023-08-10 01:50:51,738,903
1689,232-Q,2023-07-06 07:56:25,182,425
1690,984-O,2023-11-08 15:52:34,871,860
1691,611-Z,2024-01-09 14:41:42,794,863
1692,739-T,2023-10-21 09:13:25,365,681
1693,933-K,2024-04-19 20:25:40,753,796
1694,649-P,2023-09-07 02:07:06,634,159
1695,208-Y,2023-09-16 22:01:25,462,428
1696,664-Y,2023-11-22 15:35:35,232,271
1697,463-Z,2023-11-14 02:20:20,667,413
1698,161-K,2023-07-20 21:01:40,795,286
1699,560-H,2023-07-09 17:15:09,110,421
1700,221-M,2023-08-11 15:19:11,925,28
1701,302-G,2024-03-06 06:27:25,653,995
1702,977-M,2023-06-13 01:58:31,384,836
1703,109-N,2024-02-21 21:06:23,166,763
1704,330-X,2024-03-31 08:00:39,735,777
1705,301-P,2024-02-01 17:04:29,744,386
1706,022-Q,2023-06-10 17:26:52,445,518
1707,258-M,2023-10-16 06:18:20,827,683
1708,277-B,2024-02-21 15:00:33,956,215
1709,860-Q,2024-04-23 16:59:05,70,34
1710,281-S,2023-11-08 23:53:10,870,625
1711,217-G,2024-01-21 02:42:22,72,533
1712,532-C,2023-07-05 19:09:14,960,585
1713,051-Y,2023-06-23 07:25:55,263,92
1714,422-W,2024-01-06 13:13:12,52,795
1715,188-H,2024-04-03 05:34:46,219,860
1716,530-Z,2023-11-05 07:06:01,848,773
1717,690-W,2023-12-22 00:25:44,273,115
1718,522-R,2023-11-29 05:43:12,282,782
1719,908-R,2024-01-14 22:56:41,784,839
1720,569-P,2023-09-03 08:00:09,493,288
1721,489-U,2024-05-20 21:24:33,35,734
1722,481-Y,2023-07-22 12:26:24,908,851
1723,245-U,2024-02-10 06:23:51,784,383
1724,623-N,2023-09-14 03:39:22,194,725
1725,689-Z,2023-08-20 04:46:45,525,590
1726,101-L,2024-02-21 06:27:59,235,843
1727,530-Z,2023-06-02 21:33:28,970,931
1728,151-P,2023-09-29 06:20:11,876,146
1729,532-R,2023-10-10 13:05:07,530,913
1730,568-L,2023-12-11 23:19:47,18,716
1731,508-H,2024-01-22 07:17:34,286,228
1732,110-S,2024-02-11 23:20:40,213,768
1733,952-O,2024-01-20 22:49:39,285,696
1734,061-C,2023-07-10 15:38:57,287,638
1735,815-I,2023-11-14 22:19:42,316,420
1736,120-O,2024-04-02 22:36:28,551,263
1737,496-W,2023-12-27 09:59:47,625,674
1738,795-F,2023-10-06 14:50:54,353,376
1739,679-J,2023-05-31 12:19:33,665,48
1740,176-W,2023-10-13 04:12:27,942,73
1741,963-Z,2023-10-17 10:50:52,117,749
1742,559-J,2023-11-21 08:50:43,442,520
1743,874-S,2024-02-26 14:26:32,219,948
1744,702-B,2024-02-01 14:54:16,163,985
1745,675-Z,2023-11-04 22:35:39,887,616
1746,718-G,2023-12-04 04:38:17,305,104
1747,946-S,2024-02-23 18:21:55,77,594
1748,882-Q,2024-03-13 17:37:42,97,421
1749,510-V,2024-04-11 20:21:13,332,193
1750,962-Q,2024-01-02 11:24:01,213,698
1751,803-M,2023-10-07 23:59:29,981,520
1752,739-E,2023-12-10 22:09:36,27,174
1753,163-K,2023-07-18 18:58:47,92,604
1754,495-Z,2023-12-25 21:45:28,949,73
1755,573-E,2023-11-26 08:50:34,143,912
1756,888-Y,2024-01-10 16:16:36,199,166
1757,248-M,2023-06-05 23:19:08,650,799
1758,036-F,2023-09-19 12:10:17,976,800
1759,572-V,2024-03-11 08:19:01,534,52
1760,791-Q,2023-12-31 07:09:15,701,958
1761,918-M,2024-05-13 06:21:52,208,99
1762,771-P,2023-09-05 10:17:41,680,459
1763,746-H,2023-08-30 05:13:34,630,649
1764,762-T,2024-05-15 03:30:51,224,892
1765,916-G,2023-09-28 15:45:47,424,975
1766,071-A,2023-10-13 20:44:39,790,806
1767,176-X,2024-02-17 14:18:48,609,875
1768,676-R,2023-06-24 19:51:34,486,12
1769,057-R,2024-04-12 09:06:57,765,209
1770,997-R,2023-12-25 19:06:09,297,625
1771,910-V,2023-08-14 15:32:55,242,632
1772,641-X,2023-07-28 23:41:04,120,743
1773,802-Q,2024-04-22 08:55:03,637,329
1774,999-O,2024-01-02 02:31:09,733,28
1775,575-N,2024-01-29 09:57:44,263,71
1776,206-L,2024-03-26 12:07:52,339,887
1777,657-L,2024-02-16 04:19:40,920,835
1778,519-O,2023-06-29 15:27:47,347,369
1779,065-S,2023-07-03 12:28:30,653,447
1780,296-V,2023-12-27 20:19:15,82,250
1781,371-G,2023-10-15 16:47:56,550,987
1782,097-K,2024-03-10 00:24:25,592,888
1783,203-E,2023-06-04 14:50:26,19,239
1784,862-Q,2024-01-13 03:48:31,929,620
1785,476-D,2024-05-19 02:46:52,695,52
1786,142-X,2024-02-15 00:04:16,819,783
1787,670-W,2024-04-22 04:28:32,996,123
1788,364-X,2024-01-30 15:33:07,570,540
1789,988-K,2024-03-05 08:33:37,632,217
1790,772-P,2023-11-01 00:53:20,326,989
1791,578-B,2024-01-20 23:43:49,547,30
1792,717-E,2023-12-10 20:45:25,316,109
1793,054-Y,2023-12-21 11:08:27,910,395
1794,191-S,2023-12-29 05:38:53,346,743
1795,973-X,2024-04-07 22:03:47,717,342
1796,982-W,2024-02-29 02:43:36,371,943
1797,693-V,2023-08-19 08:55:31,440,985
1798,203-D,2023-10-14 04:39:21,315,327
1799,706-T,2023-10-30 18:13:15,545,78
1800,884-M,2023-08-19 10:07:04,635,840
1801,971-A,2024-03-31 12:07:53,249,962
1802,008-T,2023-08-05 08:39:10,14,347
1803,647-Q,2023-10-26 09:27:41,323,732
1804,452-F,2023-07-17 05:45:21,843,690
1805,044-S,2024-02-22 12:31:18,131,754
1806,255-Y,2023-10-30 12:06:12,936,372
1807,027-L,2023-12-18 10:29:23,200,556
1808,462-X,2023-10-28 06:01:28,13,755
1809,288-I,2023-06-23 04:46:35,570,331
1810,077-C,2023-08-10 09:35:30,665,336
1811,605-L,2024-04-02 19:08:06,630,633
1812,838-G,2023-07-09 10:39:28,744,256
1813,308-B,2023-12-10 10:43:30,754,682
1814,329-E,2023-09-09 14:38:28,617,639
1815,045-F,2024-03-15 06:44:07,896,839
1816,709-C,2023-12-04 14:45:20,894,431
1817,128-Z,2024-03-01 03:00:41,834,459
1818,112-Q,2023-12-24 17:26:29,819,285
1819,146-P,2024-03-23 20:01:16,839,988
1820,160-T,2024-03-26 23:09:13,175,72
1821,865-W,2024-05-14 08:39:36,509,167
1822,752-A,2023-10-01 04:30:07,469,814
1823,292-R,2023-12-23 22:25:31,219,125
1824,534-P,2024-02-01 19:37:39,640,652
1825,644-D,2023-11-05 18:29:54,269,400
1826,900-D,2023-08-12 17:09:18,341,992
1827,087-X,2023-10-10 20:31:53,922,227
1828,715-K,2024-04-21 12:09:50,244,791
1829,316-I,2023-12-15 15:09:31,486,755
1830,572-E,2024-05-05 07:41:17,593,170
1831,302-D,2024-03-03 04:42:01,110,521
1832,936-Z,2023-08-20 16:44:59,153,785
1833,681-D,2023-08-16 06:02:40,429,627
1834,785-V,2023-09-07 18:10:48,682,486
1835,766-Z,2024-04-17 05:12:29,714,747
1836,734-B,2024-04-15 23:04:55,936,480
1837,686-R,2023-11-20 08:31:04,405,538
1838,113-U,2024-01-15 22:39:47,78,227
1839,886-Z,2023-08-10 00:18:50,772,743
1840,906-Z,2023-07-01 04:03:32,312,63
1841,741-T,2023-10-02 22:29:51,465,380
1842,181-Y,2023-09-01 23:18:40,500,752
1843,396-G,2024-01-31 13:56:45,189,131
1844,051-X,2024-05-06 04:03:42,271,626
1845,747-T,2024-03-30 22:27:22,255,970
1846,711-G,2024-02-06 18:00:57,825,25
1847,681-K,2024-04-22 18:32:22,40,23
1848,679-T,2023-09-08 16:20:56,486,936
1849,635-V,2023-06-24 04:16:24,40,526
1850,297-V,2024-01-03 00:38:05,838,368
1851,945-N,2024-03-18 12:27:59,813,507
1852,671-P,2023-08-25 09:02:11,288,263
1853,868-P,2024-04-10 06:52:57,67,520
1854,916-E,2024-01-02 05:44:37,977,389
1855,308-J,2024-01-23 14:38:27,525,236
1856,328-S,2024-04-11 20:18:21,309,350
1857,131-R,2023-08-10 06:41:56,756,652
1858,975-R,2024-03-01 23:53:49,381,418
1859,172-T,2023-12-13 19:32:36,115,773
1860,868-D,2024-05-13 04:58:19,211,87
1861,502-F,2023-11-28 12:15:34,275,102
1862,739-K,2023-12-26 23:53:04,293,224
1863,859-O,2023-05-23 02:45:27,530,476
1864,129-J,2023-06-26 06:01:36,57,664
1865,440-F,2023-11-17 18:04:26,925,581
1866,851-L,2023-08-08 04:47:47,780,241
1867,608-J,2024-02-04 18:33:11,908,559
1868,200-R,2024-02-23 02:00:02,413,404
1869,549-J,2023-08-15 23:50:12,153,413
1870,237-Y,2024-04-12 05:02:26,824,228
1871,512-T,2023-06-04 06:51:43,209,648
1872,358-J,2023-08-14 07:21:37,537,963
1873,983-I,2023-06-14 15:02:12,85,887
1874,934-Y,2023-08-17 12:28:04,694,860
1875,364-R,2023-05-28 22:02:31,660,122
1876,165-C,2023-08-21 11:42:01,142,924
1877,607-C,2023-06-20 00:14:57,103,476
1878,350-Y,2024-05-14 00:07:25,281,139
1879,815-C,2024-01-13 03:41:55,605,46
1880,498-N,2024-05-01 00:57:15,871,90
1881,532-I,2023-06-26 18:48:53,816,147
1882,419-B,2023-09-04 01:08:04,149,722
1883,818-V,2024-03-24 11:54:14,880,573
1884,565-X,2023-06-18 20:55:44,489,880
1885,520-F,2023-11-08 00:15:44,132,845
1886,053-R,2023-05-22 08:40:16,286,244
1887,136-L,2023-07-10 16:28:45,324,201
1888,928-G,2023-08-09 18:18:23,396,106
1889,367-O,2023-09-16 14:05:09,453,11
1890,089-H,2023-07-24 11:13:19,996,780
1891,932-G,2023-07-05 06:04:09,58,92
1892,647-C,2023-08-19 03:23:57,610,775
1893,856-F,2024-01-03 06:24:14,135,379
1894,369-I,2024-03-21 02:22:01,869,70
1895,565-O,2023-10-07 01:11:56,475,983
1896,921-U,2023-07-04 07:14:13,670,286
1897,600-X,2023-08-26 03:29:02,521,443
1898,626-S,2024-01-28 02:31:09,12,74
1899,752-B,2023-08-20 07:35:23,730,829
1900,276-B,2024-01-07 19:01:31,663,729
1901,459-C,2023-09-30 17:07:53,830,26
1902,479-M,2023-10-15 12:41:00,636,32
1903,965-I,2023-11-27 12:37:16,169,296
1904,836-T,2024-01-21 09:18:27,334,493
1905,255-X,2024-05-05 22:23:56,202,910
1906,623-A,2023-10-05 13:22:31,423,760
1907,175-J,2023-08-02 07:20:48,787,396
1908,125-S,2024-05-12 21:48:55,678,944
1909,847-S,2024-04-22 14:51:10,208,807
1910,107-K,2024-02-17 15:46:09,71,66
1911,616-E,2024-01-02 02:56:21,328,22
1912,852-C,2024-05-05 09:07:22,763,52
1913,705-M,2024-03-26 08:22:56,236,401
1914,695-A,2023-08-06 11:14:51,297,113
1915,257-V,2024-01-17 04:38:40,668,331
1916,738-W,2023-10-25 23:39:07,506,431
1917,352-J,2023-09-20 09:15:27,490,233
1918,422-B,2024-03-12 00:48:19,974,542
1919,348-N,2023-07-25 13:56:18,932,729
1920,440-J,2024-04-26 21:56:03,843,338
1921,483-V,2023-06-05 14:31:25,121,492
1922,603-A,2024-03-31 00:00:55,39,295
1923,801-E,2024-03-08 23:45:42,434,933
1924,577-I,2024-03-07 04:42:46,567,907
1925,161-P,2024-03-25 01:26:00,251,566
1926,021-H,2023-11-21 18:34:04,235,224
1927,451-R,2024-05-16 11:16:20,176,691
1928,482-B,2023-08-22 05:46:44,134,589
1929,198-P,2024-05-02 03:30:30,103,611
1930,424-R,2023-10-26 06:30:48,738,288
1931,089-H,2024-05-19 16:29:06,48,927
1932,582-D,2023-07-30 10:01:06,888,631
1933,674-N,2023-09-01 16:28:03,986,336
1934,288-L,2023-09-12 01:46:40,391,768
1935,871-N,2023-10-08 23:56:54,440,450
1936,077-P,2023-11-09 07:57:59,459,698
1937,786-Y,2023-06-28 21:22:20,455,541
1938,164-W,2024-03-26 13:41:46,641,258
1939,175-C,2024-01-01 18:12:07,879,625
1940,152-H,2023-12-26 05:31:57,448,307
1941,825-M,2024-02-16 16:29:55,746,455
1942,367-G,2023-12-25 11:14:12,135,236
1943,778-B,2023-07-17 20:22:01,156,327
1944,630-C,2024-01-23 23:23:17,254,281
1945,787-L,2024-04-12 10:55:04,292,787
1946,424-P,2024-01-27 12:56:11,256,733
1947,042-X,2023-11-13 12:44:56,535,117
1948,686-T,2023-09-29 20:49:54,795,159
1949,847-L,2023-12-04 00:27:47,565,805
1950,987-O,2024-04-18 11:58:08,833,17
1951,376-L,2024-02-22 02:30:14,183,640
1952,645-C,2023-10-23 08:35:34,791,161
1953,244-J,2023-06-08 19:11:33,259,21
1954,369-N,2024-01-27 17:27:59,563,279
1955,916-N,2023-11-12 10:53:30,278,851
1956,477-X,2023-12-21 11:14:46,722,697
1957,283-S,2023-10-18 16:13:17,25,420
1958,207-H,2023-11-07 06:35:48,493,608
1959,557-O,2023-07-29 11:33:05,729,243
1960,730-H,2024-04-25 22:24:12,115,635
1961,849-Q,2023-08-26 20:03:20,21,583
1962,008-X,2023-09-17 18:38:16,745,466
1963,106-V,2023-12-21 04:53:46,764,773
1964,632-R,2024-02-19 06:02:38,857,961
1965,904-D,2023-05-30 15:41:22,244,880
1966,628-T,2024-04-04 12:02:12,223,330
1967,392-N,2024-05-01 11:14:45,902,1
1968,024-T,2024-05-11 17:59:19,718,453
1969,910-K,2023-10-13 15:01:32,269,829
1970,614-J,2023-09-29 10:45:40,258,451
1971,303-Z,2023-11-13 23:20:16,497,664
1972,727-S,2023-11-30 06:52:56,700,587
1973,891-H,2023-06-15 07:02:51,287,404
1974,170-Z,2023-08-20 22:01:51,364,577
1975,639-N,2023-08-27 03:43:44,771,801
1976,668-E,2023-08-04 06:29:30,734,995
1977,009-K,2024-05-04 21:06:30,170,347
1978,510-O,2023-08-08 21:37:16,229,474
1979,968-L,2023-08-06 02:36:12,703,581
1980,264-H,2023-10-19 21:52:33,367,695
1981,426-J,2023-07-22 12:54:04,761,982
1982,201-E,2023-09-11 20:46:00,213,89
1983,727-D,2023-09-27 21:26:19,722,850
1984,286-V,2024-05-13 22:47:39,137,797
1985,548-E,2023-11-16 01:42:47,149,441
1986,533-S,2023-12-29 20:34:52,266,438
1987,559-D,2023-05-29 16:57:27,858,203
1988,761-M,2024-02-21 17:54:20,548,678
1989,126-I,2023-09-18 23:51:08,924,864
1990,121-F,2023-09-17 08:46:04,44,324
1991,462-R,2023-08-16 17:28:19,305,48
1992,385-C,2024-02-02 22:09:44,658,49
1993,484-T,2024-04-25 14:40:58,589,955
1994,895-F,2023-09-07 18:32:46,732,249
1995,349-P,2023-07-29 02:42:27,801,462
1996,782-Y,2023-06-05 21:36:04,132,441
1997,538-R,2024-05-18 00:05:08,820,988
1998,120-L,2023-07-06 15:02:33,805,552
1999,959-J,2023-11-24 04:23:15,712,619
2000,275-O,2024-03-15 23:27:12,969,60
1,602-T,2023-09-11 07:50:58,80,865
2,599-L,2024-01-01 14:24:02,741,158
3,689-S,2024-01-23 03:18:41,591,70
4,131-I,2024-01-26 17:10:00,104,248
5,349-J,2024-03-02 06:02:13,976,830
6,468-A,2024-03-12 09:42:00,13,670
7,535-Z,2024-04-21 08:13:08,741,722
8,981-P,2023-05-23 19:34:48,498,506
9,133-S,2023-11-29 20:12:02,145,120
10,207-V,2023-10-20 09:39:15,193,564
11,290-E,2023-07-30 22:17:57,602,467
12,569-M,2023-07-29 03:48:56,490,473
13,205-A,2024-05-13 23:41:40,31,716
14,314-B,2024-03-04 00:50:32,793,965
15,644-I,2024-01-01 03:45:59,894,354
16,887-A,2024-04-16 09:46:57,471,754
17,647-P,2024-04-19 11:00:30,246,897
18,452-A,2024-04-25 21:33:12,168,661
19,629-N,2024-03-16 21:22:51,405,97
20,252-A,2024-05-17 10:23:17,558,571
21,378-J,2024-02-01 11:03:08,989,947
22,849-C,2024-02-27 23:50:23,376,161
23,836-E,2024-04-09 21:55:47,204,863
24,671-A,2023-09-07 07:11:41,597,905
25,552-H,2023-09-14 02:40:37,916,946
26,366-J,2023-11-14 19:58:32,339,465
27,023-I,2023-07-25 11:42:19,835,430
28,321-L,2024-04-23 12:29:32,663,908
29,270-V,2024-05-01 00:19:45,283,881
30,555-J,2023-06-14 10:10:35,634,531
31,216-Z,2023-11-16 21:14:32,842,548
32,697-J,2023-08-10 09:11:22,467,952
33,871-T,2024-03-28 15:52:32,743,818
34,235-H,2023-07-15 14:53:53,612,936
35,679-C,2024-01-14 23:17:09,330,87
36,081-I,2023-07-12 22:32:34,827,158
37,863-P,2023-10-02 04:49:19,579,104
38,575-A,2024-01-03 04:47:54,274,521
39,751-V,2023-06-16 08:09:20,369,704
40,615-Z,2023-07-13 16:22:59,296,590
41,870-V,2023-11-11 17:20:46,142,452
42,519-B,2023-06-21 23:29:45,941,114
43,446-H,2023-07-20 22:35:05,612,466
44,863-N,2023-11-07 06:28:32,230,486
45,004-S,2023-12-29 12:15:45,710,434
46,497-E,2024-01-18 21:50:04,680,936
47,949-K,2024-04-19 21:04:43,726,7
48,243-Z,2024-01-17 14:46:08,328,761
49,124-W,2024-05-14 13:11:15,856,195
50,617-I,2024-04-15 23:24:12,664,147
51,976-W,2024-05-18 00:44:12,781,62
52,762-Z,2023-07-11 13:34:02,246,650
53,783-A,2024-02-07 13:26:54,236,797
54,479-J,2023-10-28 12:48:49,344,73
55,754-W,2023-08-06 03:06:54,863,881
56,252-F,2024-01-13 20:55:40,396,375
57,480-R,2024-02-11 09:25:16,485,889
58,394-C,2024-04-04 09:18:20,591,764
59,036-D,2024-02-17 17:09:46,111,911
60,190-C,2023-07-11 13:28:54,230,447
61,379-J,2024-02-16 03:46:22,171,135
62,274-J,2024-02-27 15:44:20,736,956
63,724-W,2024-03-19 03:45:54,316,667
64,440-G,2024-01-27 19:29:03,844,87
65,125-K,2023-10-12 23:44:52,215,797
66,599-O,2024-03-07 13:44:26,550,191
67,044-L,2024-03-03 01:20:54,592,787
68,426-R,2024-04-16 01:57:54,479,644
69,315-U,2023-10-10 09:08:57,70,911
70,481-T,2023-11-27 22:59:07,120,340
71,805-B,2024-04-11 22:48:46,168,5
72,660-O,2024-03-06 19:08:27,512,914
73,704-E,2024-04-09 14:44:47,801,28
74,405-F,2024-04-05 04:38:15,637,266
75,496-W,2024-04-23 05:52:43,411,774
76,899-Q,2023-09-05 18:27:45,828,933
77,241-X,2023-09-22 10:13:11,320,309
78,671-S,2023-09-28 16:41:35,574,952
79,257-U,2024-03-09 10:54:16,358,829
80,832-R,2023-06-06 12:58:34,794,28
81,268-B,2023-12-18 03:40:23,728,631
82,530-B,2023-07-17 07:19:35,802,98
83,157-K,2024-04-22 11:39:39,664,679
84,254-F,2023-08-04 08:40:36,817,962
85,780-C,2023-05-30 18:24:37,91,436
86,515-F,2023-10-25 21:43:08,521,208
87,632-L,2024-02-14 07:54:09,757,984
88,777-V,2024-04-04 04:11:06,412,110
89,733-W,2023-07-14 19:21:18,714,996
90,631-R,2023-09-18 11:03:24,835,736
91,038-Q,2023-05-30 14:51:14,250,842
92,991-J,2023-11-06 21:00:46,585,266
93,549-L,2023-07-07 08:24:18,216,427
94,946-K,2023-11-17 18:29:01,268,544
95,270-A,2023-10-24 23:45:56,324,476
96,822-Y,2023-11-12 10:41:41,537,669
97,254-B,2023-07-02 11:34:04,360,645
98,037-G,2024-02-02 12:30:32,766,663
99,362-X,2024-01-27 09:19:51,879,795
100,196-T,2023-08-28 11:37:47,92,982
101,074-B,2024-05-13 09:15:18,850,905
102,210-K,2023-08-07 14:51:00,647,897
103,736-X,2023-10-04 06:32:07,531,391
104,126-X,2023-05-29 13:34:37,29,936
105,440-D,2024-04-30 04:22:52,353,940
106,373-N,2023-07-05 21:46:58,645,356
107,968-W,2024-04-02 01:23:03,98,410
108,523-J,2023-06-26 23:06:14,638,823
109,203-X,2023-06-29 06:45:37,773,491
110,606-F,2024-02-04 22:26:28,150,184
111,482-V,2023-11-21 17:16:40,737,784
112,550-M,2023-12-28 18:30:39,755,269
113,769-Z,2023-07-20 04:13:42,992,592
114,384-C,2023-09-20 23:43:47,273,514
115,239-U,2023-10-12 03:39:11,784,130
116,583-V,2023-09-14 13:20:34,268,493
117,440-H,2024-05-08 05:57:27,554,530
118,916-E,2024-02-23 01:22:18,766,49
119,978-U,2024-01-13 14:54:29,114,345
120,155-E,2024-05-02 18:03:07,990,405
121,963-E,2024-04-06 19:52:38,976,946
122,054-T,2024-04-14 22:02:11,116,957
123,056-Q,2023-07-28 16:36:44,761,454
124,501-D,2024-01-11 03:35:50,15,445
125,371-L,2023-07-21 10:26:19,488,341
126,414-S,2024-03-10 13:07:52,887,923
127,779-R,2023-12-04 20:29:58,280,961
128,801-M,2024-05-06 15:15:16,920,224
129,587-P,2023-09-20 03:09:30,965,797
130,068-L,2024-05-16 01:20:05,221,975
131,258-M,2024-04-09 15:07:08,270,812
132,985-V,2024-03-19 14:19:22,257,995
133,984-Y,2024-02-22 10:13:50,291,480
134,442-C,2024-05-03 10:50:21,597,891
135,432-E,2024-03-01 17:24:28,318,149
136,792-E,2023-08-15 04:47:39,448,109
137,167-H,2024-05-20 21:15:14,430,394
138,422-D,2024-03-22 00:51:27,399,890
139,534-X,2023-07-30 04:43:19,807,951
140,744-Z,2023-10-16 05:39:42,191,432
141,614-G,2023-05-30 11:06:03,411,665
142,402-M,2024-02-26 15:33:43,721,676
143,702-W,2024-01-19 18:07:31,155,546
144,851-K,2023-10-08 18:29:24,397,152
145,091-B,2023-05-26 16:04:35,876,744
146,842-X,2023-12-07 21:21:23,853,549
147,789-I,2024-01-31 03:29:25,325,239
148,821-R,2023-09-22 20:02:03,808,774
149,497-G,2024-04-18 21:21:15,146,910
150,561-E,2023-10-20 15:28:37,973,800
151,007-L,2024-02-06 19:41:40,339,374
152,672-U,2024-05-10 05:28:32,342,531
153,035-R,2023-11-25 08:03:35,131,978
154,626-D,2024-01-15 10:42:30,137,475
155,085-P,2023-08-22 12:34:43,125,189
156,472-N,2023-09-04 08:48:49,438,230
157,572-F,2024-01-11 08:25:05,553,665
158,608-C,2023-06-17 16:39:40,495,461
159,143-S,2023-09-19 02:46:47,629,907
160,237-Y,2023-05-31 21:38:49,329,358
161,154-K,2023-11-09 05:03:20,551,696
162,935-Q,2024-05-18 18:03:19,99,460
163,255-B,2023-06-25 23:17:35,781,878
164,738-R,2024-01-09 12:22:14,375,943
165,015-K,2023-07-15 19:01:31,827,948
166,774-I,2024-05-02 11:18:30,469,14
167,539-N,2023-08-31 06:51:26,719,5
168,214-B,2023-07-27 07:16:03,468,395
169,430-N,2024-02-01 09:36:57,444,790
170,752-Y,2023-12-18 00:32:17,406,372
171,008-H,2023-09-04 03:13:16,299,603
172,602-D,2023-09-11 22:24:37,914,306
173,565-D,2023-10-18 23:21:45,553,770
174,512-T,2023-07-04 15:53:36,252,678
175,280-D,2023-06-22 06:47:29,34,430
176,485-M,2023-07-29 18:35:38,991,169
177,675-D,2023-12-19 09:00:03,253,379
178,425-M,2024-01-30 21:11:45,628,887
179,989-T,2024-01-22 11:49:47,565,876
180,819-O,2024-03-12 20:29:27,421,108
181,448-R,2023-07-18 07:10:28,369,679
182,203-C,2023-07-14 06:35:10,865,826
183,592-G,2024-01-15 16:46:17,88,459
184,106-V,2024-03-27 07:58:32,593,442
185,123-Q,2023-06-06 02:31:43,619,214
186,735-G,2024-04-27 12:07:30,575,645
187,972-S,2023-12-05 14:54:06,757,124
188,294-M,2024-03-12 20:02:44,825,128
189,641-V,2024-04-11 11:10:35,231,698
190,745-X,2024-02-13 11:45:32,837,53
191,718-W,2024-01-25 09:36:06,286,582
192,046-J,2024-01-28 06:39:35,555,415
193,784-R,2024-04-11 08:43:23,6,661
194,725-O,2023-11-23 03:18:58,220,579
195,055-Z,2023-07-01 13:58:18,127,99
196,110-E,2023-07-19 02:09:56,384,144
197,703-L,2023-11-04 23:37:56,291,707
198,706-O,2024-04-24 16:19:57,795,389
199,942-W,2024-05-03 10:15:31,217,99
200,176-A,2023-10-25 16:32:59,798,145
201,077-F,2023-07-29 15:33:23,272,444
202,080-B,2023-06-11 20:20:59,974,851
203,359-R,2023-06-27 15:28:19,487,668
204,947-H,2023-08-01 23:23:26,56,412
205,104-V,2023-10-28 10:52:42,86,180
206,982-V,2023-09-17 20:32:29,305,173
207,848-E,2023-06-23 06:31:51,91,492
208,481-O,2023-06-18 14:36:10,761,2
209,621-U,2023-11-22 07:10:29,319,976
210,612-A,2023-05-26 20:45:25,457,89
211,487-B,2023-07-25 11:48:29,509,767
212,897-E,2024-02-13 13:49:38,303,122
213,445-D,2023-06-04 02:39:54,240,959
214,143-O,2023-09-11 00:42:39,978,507
215,702-Y,2023-08-08 09:13:02,841,600
216,163-B,2024-02-24 23:15:53,186,528
217,456-U,2023-06-18 04:53:36,271,581
218,028-E,2023-08-30 23:49:33,19,708
219,571-B,2024-04-20 22:15:58,670,517
220,829-P,2024-04-25 20:59:06,277,898
221,775-Y,2024-01-16 06:36:01,989,114
222,472-G,2024-01-01 23:46:18,235,43
223,969-I,2023-08-27 06:09:22,379,493
224,302-Y,2023-08-12 18:33:05,891,848
225,206-W,2023-08-01 16:13:22,271,62
226,546-Y,2023-09-04 20:49:37,776,491
227,702-W,2023-06-28 15:02:06,695,707
228,109-L,2024-01-29 17:28:53,453,467
229,096-D,2023-11-10 12:24:13,505,281
230,959-N,2023-08-18 20:31:13,585,477
231,117-U,2023-08-08 20:31:06,634,279
232,396-D,2023-08-07 01:42:20,143,970
233,338-M,2023-08-02 06:31:54,218,900
234,029-Z,2024-05-18 14:11:27,247,978
235,679-M,2023-10-09 18:55:13,205,490
236,280-H,2024-02-22 10:06:12,274,145
237,519-F,2023-11-18 06:26:48,894,979
238,865-K,2023-06-26 18:08:27,789,981
239,963-N,2024-01-14 08:38:47,659,886
240,503-W,2024-03-20 03:03:27,881,555
241,325-N,2023-09-03 00:59:19,852,258
242,124-M,2023-07-29 02:39:19,652,3
243,541-E,2023-09-29 00:38:06,599,565
244,911-Y,2023-12-24 03:43:44,241,148
245,889-D,2023-10-09 02:33:49,902,715
246,045-U,2024-04-21 04:10:16,261,958
247,847-J,2024-01-20 01:33:02,362,755
248,595-J,2024-02-09 07:55:12,663,121
249,403-C,2023-07-01 05:47:13,833,226
250,425-U,2024-05-14 10:29:04,698,267
251,303-T,2024-01-14 14:16:11,879,785
252,326-M,2023-12-17 01:47:41,218,530
253,340-P,2024-03-12 13:31:28,195,524
254,136-Q,2024-02-15 17:25:30,546,145
255,404-N,2023-11-20 08:25:03,15,924
256,859-W,2023-08-01 16:32:57,779,512
257,818-H,2023-11-23 14:21:32,432,363
258,754-W,2023-11-25 17:31:52,183,185
259,717-P,2023-12-04 18:51:23,359,250
260,704-C,2024-01-21 06:09:54,603,583
261,867-V,2023-07-15 16:16:42,701,651
262,154-V,2024-04-06 20:26:09,152,370
263,882-Q,2023-10-26 16:02:24,378,70
264,707-Q,2023-07-17 01:48:43,568,343
265,457-U,2024-04-03 07:19:48,253,203
266,256-M,2023-06-20 07:19:42,982,455
267,370-Y,2023-10-11 06:03:50,337,361
268,726-I,2023-10-27 00:27:16,799,978
269,154-G,2024-04-24 21:28:36,73,182
270,818-F,2023-12-15 08:29:07,563,313
271,590-H,2023-06-05 15:28:14,589,557
272,755-X,2023-09-16 10:48:10,924,205
273,981-N,2023-08-08 11:05:47,442,484
274,521-V,2023-07-13 18:54:32,622,745
275,640-I,2024-03-11 13:00:26,28,433
276,581-U,2023-12-13 05:11:54,645,784
277,358-F,2024-01-20 00:59:27,337,853
278,606-K,2023-08-24 23:25:06,419,284
279,716-C,2023-10-31 11:45:21,712,361
280,886-T,2024-05-04 21:07:14,181,133
281,774-U,2024-03-14 10:33:18,914,346
282,092-P,2024-05-15 07:22:33,76,312
283,600-F,2024-01-23 19:49:14,537,68
284,032-I,2023-10-03 20:58:31,527,129
285,450-K,2023-10-24 05:30:43,300,289
286,795-T,2024-02-25 01:53:08,1,461
287,142-K,2023-08-17 18:12:56,195,205
288,081-X,2023-12-26 00:30:01,327,616
289,518-V,2023-12-26 20:20:24,969,317
290,680-E,2024-03-07 00:50:25,544,130
291,430-E,2023-07-23 22:11:40,723,823
292,950-S,2023-07-09 08:35:00,833,839
293,269-I,2023-09-10 01:45:50,635,78
294,389-X,2024-02-10 20:01:18,371,796
295,390-C,2024-04-18 15:29:10,386,229
296,143-S,2023-05-27 10:50:53,210,732
297,106-I,2023-08-22 16:56:13,503,842
298,329-V,2024-04-17 13:05:47,529,74
299,921-P,2024-02-03 14:42:52,471,521
300,303-R,2023-12-24 01:21:53,864,746
301,862-S,2024-04-07 18:25:17,964,75
302,271-B,2024-03-30 09:54:44,717,308
303,165-U,2024-03-05 13:53:18,838,973
304,275-B,2023-09-20 09:46:09,756,449
305,553-R,2023-12-06 06:46:52,58,397
306,259-A,2023-11-29 10:30:07,870,242
307,168-H,2023-06-07 02:33:02,104,916
308,739-N,2023-07-05 13:55:38,895,290
309,988-P,2023-06-17 22:57:55,106,246
310,598-H,2024-02-17 06:36:04,721,462
311,176-J,2023-08-13 16:58:51,374,526
312,854-O,2024-05-04 16:16:59,301,753
313,490-O,2023-08-05 12:57:46,423,230
314,544-F,2023-11-11 05:48:04,51,424
315,786-V,2024-01-23 08:56:08,556,131
316,664-D,2023-05-29 00:24:09,72,430
317,409-X,2024-05-10 09:44:59,57,774
318,998-Z,2023-11-14 04:11:04,134,814
319,740-X,2024-03-18 05:50:22,930,81
320,427-K,2024-05-11 23:39:38,939,984
321,084-T,2024-04-04 02:40:17,748,362
322,087-M,2024-05-04 05:23:34,11,531
323,137-E,2023-11-04 10:44:42,693,532
324,181-E,2023-12-04 18:34:46,225,240
325,225-N,2023-09-25 21:52:33,486,522
326,931-A,2023-11-05 10:11:53,193,226
327,423-C,2023-12-08 23:15:50,609,550
328,649-B,2023-09-27 05:13:07,520,972
329,044-R,2024-05-10 18:03:41,832,252
330,453-H,2023-09-14 01:07:54,407,723
331,037-C,2023-07-05 00:49:24,110,439
332,923-W,2023-11-12 09:44:29,210,298
333,072-G,2023-06-21 09:40:21,333,499
334,384-Y,2023-11-12 01:56:31,943,262
335,954-P,2023-10-05 10:23:48,632,60
336,217-V,2024-01-08 22:17:07,134,468
337,450-J,2023-06-25 22:29:02,601,623
338,605-U,2023-06-02 22:12:16,516,428
339,358-Q,2023-12-05 10:16:29,247,636
340,354-D,2024-03-25 05:39:11,250,118
341,560-L,2023-11-02 17:01:21,658,51
342,007-W,2024-02-02 07:30:34,797,424
343,497-F,2024-03-12 06:13:10,601,328
344,413-W,2024-04-21 10:20:23,524,293
345,923-O,2024-03-05 09:51:39,720,624
346,339-G,2023-07-05 10:56:44,868,634
347,217-S,2023-09-22 11:44:45,699,137
348,712-T,2024-02-29 12:40:08,282,74
349,641-S,2023-06-22 11:56:19,363,544
350,635-H,2024-04-07 22:18:18,569,574
351,773-N,2023-07-19 00:27:19,972,738
352,716-O,2023-10-10 10:12:04,877,345
353,553-R,2023-11-22 02:36:53,563,850
354,049-H,2023-06-28 08:20:41,641,190
355,523-S,2023-09-01 04:39:33,605,394
356,316-P,2023-10-01 06:00:15,652,492
357,704-U,2023-07-23 21:57:14,376,460
358,213-V,2024-02-17 03:26:20,280,86
359,438-T,2023-10-09 18:20:24,559,300
360,389-D,2023-07-28 13:04:42,230,208
361,327-J,2024-04-17 11:49:47,703,684
362,788-Z,2023-11-12 12:40:14,536,518
363,404-E,2023-08-28 12:33:02,960,463
364,041-P,2024-02-07 02:10:48,722,8
365,414-E,2024-01-05 17:05:51,305,80
366,421-S,2023-09-25 10:58:40,122,600
367,165-M,2023-07-22 15:43:04,686,684
368,286-O,2023-11-02 05:34:56,980,802
369,152-W,2023-11-02 02:08:43,34,444
370,132-N,2023-11-07 23:09:26,174,527
371,745-B,2024-04-15 06:53:32,50,965
372,319-L,2023-09-18 11:51:06,663,532
373,094-J,2023-12-29 10:22:38,763,886
374,393-V,2023-05-23 09:21:52,280,320
375,970-Y,2023-06-09 12:31:20,956,932
376,385-C,2024-04-15 23:39:33,781,894
377,208-T,2024-03-28 10:00:57,221,697
378,999-Z,2023-12-10 17:24:22,379,302
379,943-Y,2023-07-28 12:04:37,701,753
380,629-V,2023-05-25 06:03:51,801,95
381,536-Q,2023-06-01 21:58:37,731,882
382,611-R,2023-05-23 14:45:49,218,223
383,071-I,2023-08-13 00:50:47,512,518
384,415-N,2023-08-17 20:31:42,401,784
385,760-S,2024-04-21 23:58:21,275,628
386,445-X,2023-11-16 14:46:13,144,210
387,539-V,2023-12-20 09:42:34,129,166
388,380-N,2024-05-11 19:37:55,85,991
389,712-D,2024-04-19 08:54:17,136,615
390,039-G,2023-10-06 09:37:23,682,733
391,949-F,2023-08-11 20:19:40,322,47
392,861-Q,2023-12-17 17:26:51,638,984
393,348-W,2024-01-31 03:29:43,602,697
394,680-I,2024-04-13 23:00:33,772,339
395,832-U,2023-07-01 04:28:48,810,529
396,876-I,2023-12-13 18:41:13,799,394
397,229-I,2023-12-04 20:18:41,164,384
398,934-L,2024-03-07 13:23:27,297,174
399,846-M,2024-02-04 07:01:59,73,107
400,017-P,2023-11-10 12:51:45,361,445
401,953-D,2023-10-19 22:46:35,21,563
402,577-B,2024-02-28 09:05:59,25,217
403,245-A,2024-04-02 08:21:55,92,429
404,013-N,2024-02-17 05:06:41,921,28
405,086-S,2023-07-22 20:06:54,704,536
406,528-E,2024-05-08 13:03:39,242,54
407,658-I,2023-11-06 15:29:09,584,8
408,788-A,2024-05-01 16:33:01,615,158
409,160-F,2023-12-04 08:06:27,327,25
410,164-W,2023-08-27 00:57:01,136,654
411,531-L,2023-12-01 03:26:47,887,759
412,844-R,2023-08-28 04:28:08,421,915
413,288-Q,2024-05-04 13:47:50,72,167
414,127-Y,2023-08-14 08:49:57,928,430
415,920-I,2023-06-18 01:11:22,160,661
416,114-G,2023-11-30 10:37:57,195,300
417,763-I,2023-10-24 17:11:09,770,213
418,743-L,2024-01-08 09:13:41,123,633
419,107-N,2023-07-02 02:19:46,282,612
420,661-O,2024-03-22 22:09:10,294,970
421,879-K,2023-09-22 22:38:48,531,81
422,978-W,2024-02-01 03:31:45,465,687
423,358-P,2024-02-04 01:40:06,885,527
424,520-O,2023-10-01 05:04:44,449,658
425,233-O,2023-12-04 19:06:59,104,775
426,220-I,2024-01-31 09:29:59,17,587
427,597-L,2024-03-29 22:57:37,192,858
428,355-C,2023-11-20 19:48:16,373,792
429,492-B,2024-04-23 18:12:49,303,837
430,392-L,2023-09-19 15:15:56,878,816
431,635-T,2023-09-22 18:16:26,88,955
432,769-A,2023-09-01 05:13:27,902,275
433,762-O,2023-12-15 10:08:44,437,251
434,048-H,2023-10-28 06:50:57,57,207
435,158-U,2024-05-13 05:11:28,695,367
436,184-Y,2024-01-13 08:40:53,395,871
437,127-K,2023-05-21 02:04:21,802,984
438,079-X,2024-02-28 11:31:51,206,101
439,648-F,2023-06-12 12:45:57,569,527
440,307-P,2023-05-25 10:48:23,848,753
441,308-B,2023-08-13 22:50:19,46,328
442,192-Y,2023-06-11 01:18:08,874,741
443,739-U,2023-07-19 06:40:43,278,361
444,311-B,2023-06-06 13:55:30,877,881
445,051-X,2024-02-27 10:48:10,947,912
446,345-K,2024-02-11 02:42:33,865,520
447,687-A,2023-09-01 02:33:20,794,904
448,537-E,2024-02-09 12:41:08,50,826
449,416-S,2023-11-23 03:35:15,390,502
450,133-E,2024-05-12 10:29:21,217,426
451,139-I,2024-03-20 05:26:05,716,72
452,509-L,2023-10-29 17:02:27,77,936
453,212-E,2024-05-17 04:53:39,88,326
454,275-S,2023-11-28 20:17:54,259,162
455,365-S,2024-01-18 02:47:32,790,677
456,471-U,2024-04-15 22:07:06,116,744
457,822-G,2024-03-27 23:56:46,545,116
458,569-L,2023-09-22 18:12:44,176,178
459,220-J,2024-02-18 04:00:04,355,25
460,318-F,2024-04-25 14:38:28,126,976
461,261-C,2024-03-02 23:14:42,959,297
462,607-V,2024-05-09 05:27:38,686,486
463,530-H,2023-07-03 20:12:57,227,623
464,445-I,2023-09-01 01:08:22,922,224
465,877-Q,2023-06-01 14:04:04,930,737
466,499-O,2024-02-09 21:34:59,277,769
467,369-I,2024-05-18 05:33:36,971,849
468,690-G,2023-11-13 12:27:23,779,227
469,279-K,2023-07-26 01:52:56,26,120
470,702-Q,2024-04-23 23:22:59,671,494
471,766-J,2023-08-29 09:07:02,583,525
472,224-V,2024-04-28 15:00:14,935,334
473,425-V,2024-03-20 20:47:03,328,124
474,516-S,2023-07-20 08:42:18,815,452
475,258-D,2023-08-05 11:46:00,911,139
476,124-Q,2024-05-13 11:40:09,937,505
477,092-S,2023-12-01 08:23:43,665,230
478,905-I,2024-03-26 14:18:09,981,344
479,678-T,2023-09-02 20:46:43,643,162
480,773-F,2023-08-17 10:43:46,360,767
481,692-S,2024-04-14 22:53:07,890,823
482,628-Y,2024-03-30 12:15:12,88,911
483,352-P,2023-12-07 09:46:43,194,125
484,801-Q,2024-03-05 08:13:20,234,310
485,768-C,2024-03-26 02:22:45,224,637
486,269-W,2023-08-19 02:53:36,154,328
487,030-U,2023-09-11 04:40:21,72,208
488,169-U,2024-01-05 00:24:12,426,250
489,815-W,2023-10-22 19:53:57,573,113
490,753-N,2024-01-29 03:58:16,858,212
491,709-Q,2024-01-16 16:10:21,131,796
492,910-T,2024-05-06 20:45:31,827,159
493,054-J,2023-11-20 20:28:06,848,316
494,981-G,2024-04-11 09:19:35,677,491
495,799-P,2024-02-20 13:05:21,880,471
496,389-A,2023-06-03 07:06:16,105,117
497,971-E,2023-09-16 01:42:09,435,326
498,538-Q,2023-10-10 14:33:07,339,761
499,147-W,2024-01-19 09:09:57,857,385
500,773-S,2023-07-29 20:54:34,167,371
501,906-R,2024-03-15 08:41:49,592,155
502,806-B,2024-01-17 17:45:18,533,230
503,300-V,2024-05-12 16:59:29,640,170
504,155-S,2023-10-12 14:37:01,630,653
505,644-A,2024-02-04 06:50:05,963,404
506,966-L,2023-08-02 00:09:22,516,141
507,253-G,2023-11-27 17:36:27,56,594
508,661-L,2024-04-29 05:56:32,275,798
509,248-Z,2023-09-16 15:18:48,325,153
510,913-S,2023-07-20 16:16:51,609,450
511,678-B,2023-08-22 16:58:14,712,429
512,701-A,2023-09-18 12:54:37,766,435
513,056-O,2023-07-08 21:58:25,989,477
514,539-E,2023-09-25 22:35:08,258,537
515,570-D,2023-09-01 09:16:31,410,972
516,745-L,2023-07-17 20:02:06,628,479
517,392-E,2024-02-06 11:37:03,680,113
518,070-Z,2024-04-25 23:36:53,255,302
519,701-D,2023-08-12 04:42:46,53,302
520,555-V,2024-03-17 13:17:35,717,631
521,582-A,2023-09-17 21:51:30,884,413
522,346-K,2023-10-04 15:21:03,761,808
523,027-F,2023-07-24 03:54:15,816,132
524,837-S,2024-03-31 06:24:11,302,420
525,524-W,2024-04-05 22:16:15,929,147
526,661-R,2023-06-30 10:18:55,418,363
527,692-N,2024-03-16 22:47:04,937,255
528,722-A,2024-05-12 00:01:51,262,119
529,663-A,2023-08-03 15:55:32,129,291
530,248-W,2023-10-01 10:41:28,658,474
531,876-G,2023-09-16 21:22:59,15,204
532,288-Y,2023-12-14 00:15:53,217,948
533,666-M,2024-01-20 00:42:32,740,62
534,613-D,2023-10-06 03:48:46,33,617
535,930-W,2023-08-24 12:32:14,618,133
536,212-Q,2023-11-21 08:41:14,630,888
537,515-T,2023-07-06 15:28:22,236,565
538,970-U,2024-02-14 23:32:00,279,63
539,938-X,2023-08-25 21:28:37,500,517
540,174-J,2023-12-01 14:01:00,30,582
541,331-I,2024-05-10 15:16:17,779,326
542,261-O,2023-09-30 16:26:40,617,772
543,604-V,2024-01-01 23:23:18,871,557
544,412-J,2024-01-30 07:36:57,500,419
545,070-S,2024-05-20 00:00:23,965,158
546,462-S,2023-08-18 20:53:36,538,801
547,095-K,2024-04-27 08:04:15,216,410
548,753-K,2023-09-04 18:33:16,601,174
549,387-P,2024-03-28 21:36:39,743,267
550,093-G,2023-10-01 06:11:24,838,972
551,306-M,2023-06-08 06:23:40,747,237
552,440-G,2023-11-27 05:36:21,237,793
553,380-G,2024-05-08 14:24:14,810,569
554,834-N,2023-07-08 17:27:59,278,218
555,525-E,2024-04-16 13:41:09,447,862
556,972-V,2023-09-05 10:03:21,66,586
557,128-Z,2023-11-08 21:01:19,236,32
558,047-Q,2023-12-07 15:05:48,222,156
559,057-L,2023-10-17 07:13:15,485,346
560,546-Q,2024-03-13 12:16:38,381,835
561,043-K,2023-11-25 05:49:31,510,672
562,759-B,2024-05-04 03:41:22,959,384
563,464-W,2024-05-16 15:37:51,467,358
564,171-G,2023-08-17 07:18:21,325,582
565,510-V,2024-04-19 06:00:46,389,875
566,130-G,2024-01-03 00:29:39,218,266
567,376-E,2024-01-03 15:01:29,746,39
568,228-F,2024-02-29 16:21:30,406,399
569,127-Z,2023-07-03 20:50:54,260,40
570,637-S,2024-04-30 19:11:43,486,974
571,246-I,2024-02-26 15:47:06,681,3
572,500-F,2024-01-26 13:39:10,639,531
573,172-X,2023-10-21 20:55:41,827,689
574,403-K,2024-02-14 14:42:16,7,841
575,557-S,2023-12-18 09:36:52,251,817
576,746-D,2023-05-29 18:00:31,215,621
577,805-T,2024-04-28 11:28:05,249,110
578,888-H,2024-01-23 16:58:42,61,939
579,004-N,2024-05-18 20:23:56,140,253
580,658-A,2023-11-26 13:43:51,468,850
581,249-C,2024-04-17 02:59:22,109,660
582,443-J,2023-07-17 07:59:17,499,296
583,290-I,2023-11-07 06:23:45,975,329
584,551-Q,2023-07-29 19:29:35,137,706
585,519-S,2023-05-25 02:53:04,816,954
586,606-L,2024-02-26 03:46:48,56,592
587,639-E,2024-02-19 22:42:27,541,898
588,884-Y,2024-02-15 00:12:30,792,737
589,762-T,2023-06-30 07:51:16,808,544
590,623-Y,2024-04-25 13:27:08,770,677
591,959-R,2024-04-15 21:23:07,287,652
592,627-I,2024-05-04 16:53:07,937,141
593,624-Y,2023-06-02 13:13:12,158,215
594,659-I,2024-03-02 16:16:20,641,59
595,794-Z,2023-07-18 16:45:30,253,511
596,069-L,2023-05-28 13:42:10,89,894
597,956-H,2023-11-20 11:07:16,579,274
598,247-A,2023-08-14 02:31:42,762,299
599,313-F,2024-01-28 07:22:47,387,814
600,851-E,2024-01-07 11:05:52,626,925
601,987-O,2023-06-25 01:01:40,96,833
602,387-F,2023-08-24 09:55:55,545,555
603,972-I,2023-12-30 07:03:03,374,154
604,850-Q,2024-03-08 08:01:14,863,363
605,892-S,2024-01-09 13:19:58,100,959
606,170-Q,2024-04-30 20:00:59,241,146
607,813-H,2023-06-06 15:42:24,108,773
608,301-W,2024-02-21 08:33:51,459,111
609,699-B,2024-01-28 23:02:02,826,359
610,074-W,2024-02-03 21:43:54,574,173
611,799-F,2023-07-12 05:36:14,679,54
612,252-M,2024-04-14 15:01:01,179,732
613,933-R,2023-09-12 11:19:36,266,652
614,581-K,2023-09-24 04:49:20,914,928
615,205-J,2024-03-21 18:58:16,583,833
616,863-Y,2024-05-18 19:44:32,442,959
617,857-F,2024-05-12 01:03:22,225,485
618,725-N,2023-10-29 05:48:43,677,543
619,304-S,2024-03-11 22:19:08,60,515
620,629-S,2024-05-14 10:18:32,386,937
621,708-E,2023-08-14 08:08:53,771,415
622,301-U,2023-08-18 15:13:48,501,276
623,686-P,2023-10-21 22:48:43,574,911
624,924-B,2024-02-12 22:07:28,595,364
625,226-G,2024-05-19 07:32:36,533,655
626,946-P,2023-07-04 00:39:50,862,549
627,539-A,2023-08-30 14:57:12,442,786
628,180-O,2023-12-29 13:24:11,413,484
629,718-B,2023-09-20 19:37:59,185,790
630,636-L,2023-10-13 06:44:14,979,136
631,038-A,2023-06-27 08:56:55,863,139
632,624-A,2024-04-29 06:11:23,289,534
633,311-T,2024-01-17 11:14:02,868,186
634,163-F,2023-09-16 21:23:30,606,699
635,634-Q,2024-05-05 08:45:32,982,634
636,594-S,2023-06-30 15:58:18,351,474
637,728-C,2023-06-11 09:48:22,567,455
638,599-L,2024-01-30 11:13:50,187,228
639,827-Q,2024-05-16 00:08:05,632,292
640,540-Y,2023-10-04 22:10:22,736,955
641,032-S,2023-07-05 23:34:55,828,169
642,807-E,2024-03-25 14:07:41,676,379
643,849-C,2023-06-17 20:43:23,38,850
644,911-F,2023-11-30 10:10:22,676,835
645,931-N,2023-12-17 16:37:37,735,49
646,580-P,2023-10-26 06:30:03,376,124
647,757-C,2024-03-16 12:52:33,62,477
648,222-O,2024-03-29 02:06:28,711,361
649,047-Y,2023-08-09 13:48:00,633,420
650,137-J,2023-08-12 13:52:53,641,503
651,663-T,2023-11-22 05:06:34,345,296
652,823-H,2024-03-26 01:47:16,741,761
653,727-X,2023-08-28 20:09:27,37,848
654,954-P,2024-02-19 15:27:03,434,796
655,654-M,2024-03-10 03:29:32,519,458
656,835-E,2023-10-13 00:53:27,52,549
657,278-I,2023-07-22 07:36:39,56,917
658,846-V,2023-09-27 00:32:39,48,850
659,980-N,2023-08-15 19:52:04,732,546
660,642-J,2023-06-08 02:59:56,939,209
661,376-G,2023-11-07 07:28:20,460,210
662,456-M,2023-09-21 08:06:39,269,273
663,677-U,2024-01-22 16:36:21,881,971
664,874-K,2023-10-12 23:25:50,312,568
665,351-Y,2023-12-14 23:30:18,626,520
666,482-E,2023-08-31 02:52:16,617,266
667,348-C,2023-10-06 14:32:56,312,792
668,797-X,2024-01-28 14:27:46,230,502
669,717-M,2024-01-05 05:48:42,713,396
670,675-V,2023-07-12 18:15:24,938,571
671,864-Q,2023-08-04 21:48:36,399,936
672,775-W,2024-01-17 10:11:21,415,751
673,737-B,2024-01-28 18:42:48,78,330
674,736-X,2024-05-03 17:25:51,417,293
675,766-H,2023-08-01 07:53:05,912,752
676,401-A,2023-08-12 18:53:45,478,913
677,160-D,2024-05-04 17:15:15,21,170
678,652-Q,2023-09-25 16:03:09,853,984
679,510-Z,2023-11-02 02:25:55,668,921
680,221-L,2024-02-26 23:23:25,383,678
681,964-Y,2024-03-12 18:23:52,972,116
682,082-I,2023-11-18 22:58:16,389,672
683,814-V,2024-03-16 03:11:56,127,226
684,104-O,2023-06-27 09:41:18,446,108
685,330-C,2023-10-17 22:02:16,94,835
686,934-B,2024-05-02 11:19:03,944,341
687,954-X,2024-05-15 14:04:31,925,185
688,904-B,2024-02-29 11:36:27,325,54
689,791-N,2023-12-02 13:32:50,410,443
690,036-I,2023-07-18 12:16:50,688,266
691,246-D,2023-10-05 13:35:32,603,170
692,833-Q,2024-04-25 01:19:10,344,775
693,918-J,2023-10-11 22:07:38,246,705
694,204-C,2024-01-25 03:40:48,286,853
695,162-T,2024-01-14 08:49:03,432,102
696,800-X,2023-12-21 01:56:14,739,63
697,328-D,2024-04-13 19:26:04,353,928
698,687-A,2023-07-18 23:08:11,977,821
699,225-Z,2023-05-26 15:34:50,199,361
700,320-H,2024-02-20 18:55:02,877,654
701,217-O,2023-08-26 00:35:53,105,562
702,482-V,2024-05-02 08:19:18,334,875
703,860-Q,2023-05-28 03:51:33,97,817
704,245-A,2023-11-25 12:25:54,719,265
705,259-Z,2023-06-20 00:43:31,648,180
706,797-Q,2024-01-19 13:09:02,771,78
707,590-B,2023-08-17 20:50:02,262,365
708,594-C,2023-08-20 16:25:11,568,481
709,176-J,2023-11-25 16:09:36,842,688
